2026-05-22 12:59:33,605 [INFO] root: === Application Starting ===
2026-05-22 12:59:34,811 [INFO] root: Initializing Application...
2026-05-22 12:59:34,844 [DEBUG] matplotlib.font_manager: findfont: Matching sans\-serif:style=normal:variant=normal:weight=normal:stretch=normal:size=10.0.
2026-05-22 12:59:34,844 [DEBUG] matplotlib.font_manager: findfont: score(FontEntry(fname='C:\\spyder\\envs\\spyder-runtime\\Lib\\site-packages\\matplotlib\\mpl-data\\fonts\\ttf\\DejaVuSerif-Bold.ttf', name='DejaVu Serif', style='normal', variant='normal', weight=700, stretch='normal', size='scalable')) = 10.335
2026-05-22 12:59:34,844 [DEBUG] matplotlib.font_manager: findfont: score(FontEntry(fname='C:\\spyder\\envs\\spyder-runtime\\Lib\\site-packages\\matplotlib\\mpl-data\\fonts\\ttf\\STIXSizFourSymBol.ttf', name='STIXSizeFourSym', style='normal', variant='normal', weight=700, stretch='normal', size='scalable')) = 10.335
2026-05-22 12:59:34,844 [DEBUG] matplotlib.font_manager: findfont: score(FontEntry(fname='C:\\spyder\\envs\\spyder-runtime\\Lib\\site-packages\\matplotlib\\mpl-data\\fonts\\ttf\\STIXSizTwoSymBol.ttf', name='STIXSizeTwoSym', style='normal', variant='normal', weight=700, stretch='normal', size='scalable')) = 10.335
2026-05-22 12:59:34,844 [DEBUG] matplotlib.font_manager: findfont: score(FontEntry(fname='C:\\spyder\\envs\\spyder-runtime\\Lib\\site-packages\\matplotlib\\mpl-data\\fonts\\ttf\\DejaVuSans-Bold.ttf', name='DejaVu Sans', style='normal', variant='normal', weight=700, stretch='normal', size='scalable')) = 0.33499999999999996
2026-05-22 12:59:34,845 [DEBUG] matplotlib.font_manager: findfont: score(FontEntry(fname='C:\\spyder\\envs\\spyder-runtime\\Lib\\site-packages\\matplotlib\\mpl-data\\fonts\\ttf\\DejaVuSans-BoldOblique.ttf', name='DejaVu Sans', style='oblique', variant='normal', weight=700, stretch='normal', size='scalable')) = 1.335
2026-05-22 12:59:34,845 [DEBUG] matplotlib.font_manager: findfont: score(FontEntry(fname='C:\\spyder\\envs\\spyder-runtime\\Lib\\site-packages\\matplotlib\\mpl-data\\fonts\\ttf\\STIXGeneralBol.ttf', name='STIXGeneral', style='normal', variant='normal', weight=700, stretch='normal', size='scalable')) = 10.335
2026-05-22 12:59:34,845 [DEBUG] matplotlib.font_manager: findfont: score(FontEntry(fname='C:\\spyder\\envs\\spyder-runtime\\Lib\\site-packages\\matplotlib\\mpl-data\\fonts\\ttf\\STIXGeneralBolIta.ttf', name='STIXGeneral', style='italic', variant='normal', weight=700, stretch='normal', size='scalable')) = 11.335
2026-05-22 12:59:34,845 [DEBUG] matplotlib.font_manager: findfont: score(FontEntry(fname='C:\\spyder\\envs\\spyder-runtime\\Lib\\site-packages\\matplotlib\\mpl-data\\fonts\\ttf\\cmss10.ttf', name='cmss10', style='normal', variant='normal', weight=400, stretch='normal', size='scalable')) = 10.05
2026-05-22 12:59:34,845 [DEBUG] matplotlib.font_manager: findfont: score(FontEntry(fname='C:\\spyder\\envs\\spyder-runtime\\Lib\\site-packages\\matplotlib\\mpl-data\\fonts\\ttf\\STIXSizFiveSymReg.ttf', name='STIXSizeFiveSym', style='normal', variant='normal', weight=400, stretch='normal', size='scalable')) = 10.05
2026-05-22 12:59:34,845 [DEBUG] matplotlib.font_manager: findfont: score(FontEntry(fname='C:\\spyder\\envs\\spyder-runtime\\Lib\\site-packages\\matplotlib\\mpl-data\\fonts\\ttf\\cmr10.ttf', name='cmr10', style='normal', variant='normal', weight=400, stretch='normal', size='scalable')) = 10.05
2026-05-22 12:59:34,845 [DEBUG] matplotlib.font_manager: findfont: score(FontEntry(fname='C:\\spyder\\envs\\spyder-runtime\\Lib\\site-packages\\matplotlib\\mpl-data\\fonts\\ttf\\cmb10.ttf', name='cmb10', style='normal', variant='normal', weight=400, stretch='normal', size='scalable')) = 10.05
2026-05-22 12:59:34,845 [DEBUG] matplotlib.font_manager: findfont: score(FontEntry(fname='C:\\spyder\\envs\\spyder-runtime\\Lib\\site-packages\\matplotlib\\mpl-data\\fonts\\ttf\\DejaVuSans.ttf', name='DejaVu Sans', style='normal', variant='normal', weight=400, stretch='normal', size='scalable')) = 0.05
2026-05-22 12:59:34,845 [DEBUG] matplotlib.font_manager: findfont: score(FontEntry(fname='C:\\spyder\\envs\\spyder-runtime\\Lib\\site-packages\\matplotlib\\mpl-data\\fonts\\ttf\\STIXNonUniIta.ttf', name='STIXNonUnicode', style='italic', variant='normal', weight=400, stretch='normal', size='scalable')) = 11.05
2026-05-22 12:59:34,845 [DEBUG] matplotlib.font_manager: findfont: score(FontEntry(fname='C:\\spyder\\envs\\spyder-runtime\\Lib\\site-packages\\matplotlib\\mpl-data\\fonts\\ttf\\STIXGeneral.ttf', name='STIXGeneral', style='normal', variant='normal', weight=400, stretch='normal', size='scalable')) = 10.05
2026-05-22 12:59:34,845 [DEBUG] matplotlib.font_manager: findfont: score(FontEntry(fname='C:\\spyder\\envs\\spyder-runtime\\Lib\\site-packages\\matplotlib\\mpl-data\\fonts\\ttf\\DejaVuSerifDisplay.ttf', name='DejaVu Serif Display', style='normal', variant='normal', weight=400, stretch='normal', size='scalable')) = 10.05
2026-05-22 12:59:34,845 [DEBUG] matplotlib.font_manager: findfont: score(FontEntry(fname='C:\\spyder\\envs\\spyder-runtime\\Lib\\site-packages\\matplotlib\\mpl-data\\fonts\\ttf\\STIXNonUni.ttf', name='STIXNonUnicode', style='normal', variant='normal', weight=400, stretch='normal', size='scalable')) = 10.05
2026-05-22 12:59:34,845 [DEBUG] matplotlib.font_manager: findfont: score(FontEntry(fname='C:\\spyder\\envs\\spyder-runtime\\Lib\\site-packages\\matplotlib\\mpl-data\\fonts\\ttf\\DejaVuSerif-Italic.ttf', name='DejaVu Serif', style='italic', variant='normal', weight=400, stretch='normal', size='scalable')) = 11.05
2026-05-22 12:59:34,845 [DEBUG] matplotlib.font_manager: findfont: score(FontEntry(fname='C:\\spyder\\envs\\spyder-runtime\\Lib\\site-packages\\matplotlib\\mpl-data\\fonts\\ttf\\DejaVuSansDisplay.ttf', name='DejaVu Sans Display', style='normal', variant='normal', weight=400, stretch='normal', size='scalable')) = 10.05
2026-05-22 12:59:34,845 [DEBUG] matplotlib.font_manager: findfont: score(FontEntry(fname='C:\\spyder\\envs\\spyder-runtime\\Lib\\site-packages\\matplotlib\\mpl-data\\fonts\\ttf\\cmex10.ttf', name='cmex10', style='normal', variant='normal', weight=400, stretch='normal', size='scalable')) = 10.05
2026-05-22 12:59:34,845 [DEBUG] matplotlib.font_manager: findfont: score(FontEntry(fname='C:\\spyder\\envs\\spyder-runtime\\Lib\\site-packages\\matplotlib\\mpl-data\\fonts\\ttf\\DejaVuSans-Oblique.ttf', name='DejaVu Sans', style='oblique', variant='normal', weight=400, stretch='normal', size='scalable')) = 1.05
2026-05-22 12:59:34,846 [DEBUG] matplotlib.font_manager: findfont: score(FontEntry(fname='C:\\spyder\\envs\\spyder-runtime\\Lib\\site-packages\\matplotlib\\mpl-data\\fonts\\ttf\\STIXNonUniBolIta.ttf', name='STIXNonUnicode', style='italic', variant='normal', weight=700, stretch='normal', size='scalable')) = 11.335
2026-05-22 12:59:34,846 [DEBUG] matplotlib.font_manager: findfont: score(FontEntry(fname='C:\\spyder\\envs\\spyder-runtime\\Lib\\site-packages\\matplotlib\\mpl-data\\fonts\\ttf\\cmsy10.ttf', name='cmsy10', style='normal', variant='normal', weight=400, stretch='normal', size='scalable')) = 10.05
2026-05-22 12:59:34,846 [DEBUG] matplotlib.font_manager: findfont: score(FontEntry(fname='C:\\spyder\\envs\\spyder-runtime\\Lib\\site-packages\\matplotlib\\mpl-data\\fonts\\ttf\\DejaVuSansMono-BoldOblique.ttf', name='DejaVu Sans Mono', style='oblique', variant='normal', weight=700, stretch='normal', size='scalable')) = 11.335
2026-05-22 12:59:34,846 [DEBUG] matplotlib.font_manager: findfont: score(FontEntry(fname='C:\\spyder\\envs\\spyder-runtime\\Lib\\site-packages\\matplotlib\\mpl-data\\fonts\\ttf\\DejaVuSerif-BoldItalic.ttf', name='DejaVu Serif', style='italic', variant='normal', weight=700, stretch='normal', size='scalable')) = 11.335
2026-05-22 12:59:34,846 [DEBUG] matplotlib.font_manager: findfont: score(FontEntry(fname='C:\\spyder\\envs\\spyder-runtime\\Lib\\site-packages\\matplotlib\\mpl-data\\fonts\\ttf\\STIXGeneralItalic.ttf', name='STIXGeneral', style='italic', variant='normal', weight=400, stretch='normal', size='scalable')) = 11.05
2026-05-22 12:59:34,846 [DEBUG] matplotlib.font_manager: findfont: score(FontEntry(fname='C:\\spyder\\envs\\spyder-runtime\\Lib\\site-packages\\matplotlib\\mpl-data\\fonts\\ttf\\STIXSizThreeSymBol.ttf', name='STIXSizeThreeSym', style='normal', variant='normal', weight=700, stretch='normal', size='scalable')) = 10.335
2026-05-22 12:59:34,846 [DEBUG] matplotlib.font_manager: findfont: score(FontEntry(fname='C:\\spyder\\envs\\spyder-runtime\\Lib\\site-packages\\matplotlib\\mpl-data\\fonts\\ttf\\DejaVuSerif.ttf', name='DejaVu Serif', style='normal', variant='normal', weight=400, stretch='normal', size='scalable')) = 10.05
2026-05-22 12:59:34,846 [DEBUG] matplotlib.font_manager: findfont: score(FontEntry(fname='C:\\spyder\\envs\\spyder-runtime\\Lib\\site-packages\\matplotlib\\mpl-data\\fonts\\ttf\\cmmi10.ttf', name='cmmi10', style='normal', variant='normal', weight=400, stretch='normal', size='scalable')) = 10.05
2026-05-22 12:59:34,846 [DEBUG] matplotlib.font_manager: findfont: score(FontEntry(fname='C:\\spyder\\envs\\spyder-runtime\\Lib\\site-packages\\matplotlib\\mpl-data\\fonts\\ttf\\STIXSizFourSymReg.ttf', name='STIXSizeFourSym', style='normal', variant='normal', weight=400, stretch='normal', size='scalable')) = 10.05
2026-05-22 12:59:34,846 [DEBUG] matplotlib.font_manager: findfont: score(FontEntry(fname='C:\\spyder\\envs\\spyder-runtime\\Lib\\site-packages\\matplotlib\\mpl-data\\fonts\\ttf\\STIXSizOneSymBol.ttf', name='STIXSizeOneSym', style='normal', variant='normal', weight=700, stretch='normal', size='scalable')) = 10.335
2026-05-22 12:59:34,846 [DEBUG] matplotlib.font_manager: findfont: score(FontEntry(fname='C:\\spyder\\envs\\spyder-runtime\\Lib\\site-packages\\matplotlib\\mpl-data\\fonts\\ttf\\DejaVuSansMono.ttf', name='DejaVu Sans Mono', style='normal', variant='normal', weight=400, stretch='normal', size='scalable')) = 10.05
2026-05-22 12:59:34,846 [DEBUG] matplotlib.font_manager: findfont: score(FontEntry(fname='C:\\spyder\\envs\\spyder-runtime\\Lib\\site-packages\\matplotlib\\mpl-data\\fonts\\ttf\\STIXNonUniBol.ttf', name='STIXNonUnicode', style='normal', variant='normal', weight=700, stretch='normal', size='scalable')) = 10.335
2026-05-22 12:59:34,846 [DEBUG] matplotlib.font_manager: findfont: score(FontEntry(fname='C:\\spyder\\envs\\spyder-runtime\\Lib\\site-packages\\matplotlib\\mpl-data\\fonts\\ttf\\DejaVuSansMono-Bold.ttf', name='DejaVu Sans Mono', style='normal', variant='normal', weight=700, stretch='normal', size='scalable')) = 10.335
2026-05-22 12:59:34,846 [DEBUG] matplotlib.font_manager: findfont: score(FontEntry(fname='C:\\spyder\\envs\\spyder-runtime\\Lib\\site-packages\\matplotlib\\mpl-data\\fonts\\ttf\\cmtt10.ttf', name='cmtt10', style='normal', variant='normal', weight=400, stretch='normal', size='scalable')) = 10.05
2026-05-22 12:59:34,846 [DEBUG] matplotlib.font_manager: findfont: score(FontEntry(fname='C:\\spyder\\envs\\spyder-runtime\\Lib\\site-packages\\matplotlib\\mpl-data\\fonts\\ttf\\STIXSizThreeSymReg.ttf', name='STIXSizeThreeSym', style='normal', variant='normal', weight=400, stretch='normal', size='scalable')) = 10.05
2026-05-22 12:59:34,846 [DEBUG] matplotlib.font_manager: findfont: score(FontEntry(fname='C:\\spyder\\envs\\spyder-runtime\\Lib\\site-packages\\matplotlib\\mpl-data\\fonts\\ttf\\DejaVuSansMono-Oblique.ttf', name='DejaVu Sans Mono', style='oblique', variant='normal', weight=400, stretch='normal', size='scalable')) = 11.05
2026-05-22 12:59:34,846 [DEBUG] matplotlib.font_manager: findfont: score(FontEntry(fname='C:\\spyder\\envs\\spyder-runtime\\Lib\\site-packages\\matplotlib\\mpl-data\\fonts\\ttf\\STIXSizTwoSymReg.ttf', name='STIXSizeTwoSym', style='normal', variant='normal', weight=400, stretch='normal', size='scalable')) = 10.05
2026-05-22 12:59:34,847 [DEBUG] matplotlib.font_manager: findfont: score(FontEntry(fname='C:\\spyder\\envs\\spyder-runtime\\Lib\\site-packages\\matplotlib\\mpl-data\\fonts\\ttf\\STIXSizOneSymReg.ttf', name='STIXSizeOneSym', style='normal', variant='normal', weight=400, stretch='normal', size='scalable')) = 10.05
2026-05-22 12:59:34,847 [DEBUG] matplotlib.font_manager: findfont: score(FontEntry(fname='C:\\Program Files\\SOLIDWORKS Corp\\SOLIDWORKS\\HoopsPublish\\resource\\Font\\courierstd-oblique.otf', name='Courier Std', style='oblique', variant='normal', weight=500, stretch='normal', size='scalable')) = 11.145
2026-05-22 12:59:34,847 [DEBUG] matplotlib.font_manager: findfont: score(FontEntry(fname='C:\\Windows\\Fonts\\DejaVuSansCondensed-Bold.ttf', name='DejaVu Sans', style='normal', variant='normal', weight=700, stretch='condensed', size='scalable')) = 0.5349999999999999
2026-05-22 12:59:34,847 [DEBUG] matplotlib.font_manager: findfont: score(FontEntry(fname='C:\\Windows\\Fonts\\monbaiti.ttf', name='Mongolian Baiti', style='normal', variant='normal', weight=400, stretch='normal', size='scalable')) = 10.05
2026-05-22 12:59:34,847 [DEBUG] matplotlib.font_manager: findfont: score(FontEntry(fname='C:\\Windows\\Fonts\\swisop1.ttf', name='SWIsop1', style='normal', variant='normal', weight=400, stretch='normal', size='scalable')) = 10.05
2026-05-22 12:59:34,847 [DEBUG] matplotlib.font_manager: findfont: score(FontEntry(fname='C:\\Windows\\Fonts\\swgothe.ttf', name='SWGothe', style='normal', variant='normal', weight=400, stretch='normal', size='scalable')) = 10.05
2026-05-22 12:59:34,847 [DEBUG] matplotlib.font_manager: findfont: score(FontEntry(fname='C:\\Windows\\Fonts\\MiriamMonoCLM-Book.ttf', name='Miriam Mono CLM', style='normal', variant='normal', weight=400, stretch='normal', size='scalable')) = 10.05
2026-05-22 12:59:34,847 [DEBUG] matplotlib.font_manager: findfont: score(FontEntry(fname='C:\\Windows\\Fonts\\Caladea-Regular.ttf', name='Caladea', style='normal', variant='normal', weight=400, stretch='normal', size='scalable')) = 10.05
2026-05-22 12:59:34,847 [DEBUG] matplotlib.font_manager: findfont: score(FontEntry(fname='C:\\Windows\\Fonts\\ARIALN.TTF', name='Arial', style='normal', variant='normal', weight=400, stretch='condensed', size='scalable')) = 6.613636363636363
2026-05-22 12:59:34,847 [DEBUG] matplotlib.font_manager: findfont: score(FontEntry(fname='C:\\Windows\\Fonts\\Gabriola.ttf', name='Gabriola', style='normal', variant='normal', weight=400, stretch='normal', size='scalable')) = 10.05
2026-05-22 12:59:34,847 [DEBUG] matplotlib.font_manager: findfont: score(FontEntry(fname='C:\\Windows\\Fonts\\FrankRuhlHofshi-Bold.otf', name='Frank Ruhl Hofshi', style='normal', variant='normal', weight=700, stretch='normal', size='scalable')) = 10.335
2026-05-22 12:59:34,847 [DEBUG] matplotlib.font_manager: findfont: score(FontEntry(fname='C:\\Windows\\Fonts\\FrankRuhlHofshi-Regular.otf', name='Frank Ruhl Hofshi', style='normal', variant='normal', weight=400, stretch='normal', size='scalable')) = 10.05
2026-05-22 12:59:34,848 [DEBUG] matplotlib.font_manager: findfont: score(FontEntry(fname='C:\\Windows\\Fonts\\msyi.ttf', name='Microsoft Yi Baiti', style='normal', variant='normal', weight=400, stretch='normal', size='scalable')) = 10.05
2026-05-22 12:59:34,848 [DEBUG] matplotlib.font_manager: findfont: score(FontEntry(fname='C:\\Windows\\Fonts\\euclidi.ttf', name='Euclid', style='italic', variant='normal', weight=400, stretch='normal', size='scalable')) = 11.05
2026-05-22 12:59:34,848 [DEBUG] matplotlib.font_manager: findfont: score(FontEntry(fname='C:\\Windows\\Fonts\\eucsymb.ttf', name='Euclid Symbol', style='normal', variant='normal', weight=700, stretch='normal', size='scalable')) = 10.335
2026-05-22 12:59:34,848 [DEBUG] matplotlib.font_manager: findfont: score(FontEntry(fname='C:\\Windows\\Fonts\\LiberationMono-Bold.ttf', name='Liberation Mono', style='normal', variant='normal', weight=700, stretch='normal', size='scalable')) = 10.335
2026-05-22 12:59:34,848 [DEBUG] matplotlib.font_manager: findfont: score(FontEntry(fname='C:\\Program Files\\SOLIDWORKS Corp\\SOLIDWORKS Visualize\\Plugins\\sp.x\\resources\\fonts\\extrafiles\\TrueType\\MonosI.ttf', name='Monospac821 BT', style='italic', variant='normal', weight=400, stretch='normal', size='scalable')) = 11.05
2026-05-22 12:59:34,848 [DEBUG] matplotlib.font_manager: findfont: score(FontEntry(fname='C:\\Windows\\Fonts\\courbi.ttf', name='Courier New', style='italic', variant='normal', weight=700, stretch='normal', size='scalable')) = 11.335
2026-05-22 12:59:34,848 [DEBUG] matplotlib.font_manager: findfont: score(FontEntry(fname='C:\\Windows\\Fonts\\NotoSans-Regular.ttf', name='Noto Sans', style='normal', variant='normal', weight=400, stretch='normal', size='scalable')) = 10.05
2026-05-22 12:59:34,848 [DEBUG] matplotlib.font_manager: findfont: score(FontEntry(fname='C:\\Windows\\Fonts\\verdanai.ttf', name='Verdana', style='italic', variant='normal', weight=400, stretch='normal', size='scalable')) = 4.6863636363636365
2026-05-22 12:59:34,848 [DEBUG] matplotlib.font_manager: findfont: score(FontEntry(fname='C:\\Windows\\Fonts\\seguiemj.ttf', name='Segoe UI Emoji', style='normal', variant='normal', weight=400, stretch='normal', size='scalable')) = 10.05
2026-05-22 12:59:34,848 [DEBUG] matplotlib.font_manager: findfont: score(FontEntry(fname='C:\\Windows\\Fonts\\swastro.ttf', name='SWAstro', style='normal', variant='normal', weight=400, stretch='normal', size='scalable')) = 10.05
2026-05-22 12:59:34,848 [DEBUG] matplotlib.font_manager: findfont: score(FontEntry(fname='C:\\Windows\\Fonts\\swtxt.ttf', name='SWTxt', style='normal', variant='normal', weight=400, stretch='normal', size='scalable')) = 10.05
2026-05-22 12:59:34,848 [DEBUG] matplotlib.font_manager: findfont: score(FontEntry(fname='C:\\Program Files\\SOLIDWORKS Corp\\SOLIDWORKS Visualize\\Plugins\\sp.x\\resources\\fonts\\extrafiles\\TrueType\\DutchBI.ttf', name='Dutch801 Rm BT', style='italic', variant='normal', weight=700, stretch='normal', size='scalable')) = 11.335
2026-05-22 12:59:34,848 [DEBUG] matplotlib.font_manager: findfont: score(FontEntry(fname='C:\\Windows\\Fonts\\DejaVuSansMono-Oblique.ttf', name='DejaVu Sans Mono', style='oblique', variant='normal', weight=400, stretch='normal', size='scalable')) = 11.05
2026-05-22 12:59:34,848 [DEBUG] matplotlib.font_manager: findfont: score(FontEntry(fname='C:\\Windows\\Fonts\\SourceCodePro-Black.ttf', name='Source Code Pro', style='normal', variant='normal', weight=900, stretch='normal', size='scalable')) = 10.525
2026-05-22 12:59:34,848 [DEBUG] matplotlib.font_manager: findfont: score(FontEntry(fname='C:\\Windows\\Fonts\\BKANT.TTF', name='Book Antiqua', style='normal', variant='normal', weight=400, stretch='normal', size='scalable')) = 10.05
2026-05-22 12:59:34,849 [DEBUG] matplotlib.font_manager: findfont: score(FontEntry(fname='C:\\Windows\\Fonts\\segoeuil.ttf', name='Segoe UI', style='normal', variant='normal', weight=300, stretch='normal', size='scalable')) = 10.145
2026-05-22 12:59:34,849 [DEBUG] matplotlib.font_manager: findfont: score(FontEntry(fname='C:\\Windows\\Fonts\\simsun.ttc', name='SimSun', style='normal', variant='normal', weight=400, stretch='normal', size='scalable')) = 10.05
2026-05-22 12:59:34,849 [DEBUG] matplotlib.font_manager: findfont: score(FontEntry(fname='C:\\Windows\\Fonts\\swscrps.ttf', name='SWScrps', style='normal', variant='normal', weight=400, stretch='normal', size='scalable')) = 10.05
2026-05-22 12:59:34,849 [DEBUG] matplotlib.font_manager: findfont: score(FontEntry(fname='C:\\Windows\\Fonts\\NotoSans-CondensedBoldItalic.ttf', name='Noto Sans', style='italic', variant='normal', weight=700, stretch='condensed', size='scalable')) = 11.535
2026-05-22 12:59:34,849 [DEBUG] matplotlib.font_manager: findfont: score(FontEntry(fname='C:\\Windows\\Fonts\\ariblk.ttf', name='Arial', style='normal', variant='normal', weight=900, stretch='normal', size='scalable')) = 6.888636363636364
2026-05-22 12:59:34,849 [DEBUG] matplotlib.font_manager: findfont: score(FontEntry(fname='C:\\Windows\\Fonts\\Mt Extra Tiger.ttf', name='MT Extra Tiger', style='normal', variant='normal', weight=400, stretch='normal', size='scalable')) = 10.05
2026-05-22 12:59:34,849 [DEBUG] matplotlib.font_manager: findfont: score(FontEntry(fname='C:\\Program Files\\SOLIDWORKS Corp\\SOLIDWORKS Visualize\\Plugins\\sp.x\\resources\\fonts\\extrafiles\\TrueType\\SwissI.ttf', name='Swis721 BT', style='italic', variant='normal', weight=400, stretch='normal', size='scalable')) = 11.05
2026-05-22 12:59:34,849 [DEBUG] matplotlib.font_manager: findfont: score(FontEntry(fname='C:\\Windows\\Fonts\\Rubik-BoldItalic.ttf', name='Rubik', style='italic', variant='normal', weight=700, stretch='normal', size='scalable')) = 11.335
2026-05-22 12:59:34,849 [DEBUG] matplotlib.font_manager: findfont: score(FontEntry(fname='C:\\Program Files\\SOLIDWORKS Corp\\SOLIDWORKS Visualize\\Plugins\\sp.x\\resources\\fonts\\extrafiles\\TrueType\\SwissBI.ttf', name='Swis721 BT', style='italic', variant='normal', weight=700, stretch='normal', size='scalable')) = 11.335
2026-05-22 12:59:34,849 [DEBUG] matplotlib.font_manager: findfont: score(FontEntry(fname='C:\\Windows\\Fonts\\DejaVuSansMono.ttf', name='DejaVu Sans Mono', style='normal', variant='normal', weight=400, stretch='normal', size='scalable')) = 10.05
2026-05-22 12:59:34,849 [DEBUG] matplotlib.font_manager: findfont: score(FontEntry(fname='C:\\Windows\\Fonts\\GenBasBI.ttf', name='Gentium Basic', style='italic', variant='normal', weight=700, stretch='normal', size='scalable')) = 11.335
2026-05-22 12:59:34,849 [DEBUG] matplotlib.font_manager: findfont: score(FontEntry(fname='C:\\Windows\\Fonts\\DejaVuSerifCondensed-BoldItalic.ttf', name='DejaVu Serif', style='italic', variant='normal', weight=700, stretch='condensed', size='scalable')) = 11.535
2026-05-22 12:59:34,849 [DEBUG] matplotlib.font_manager: findfont: score(FontEntry(fname='C:\\Windows\\Fonts\\BOOKOSBI.TTF', name='Bookman Old Style', style='italic', variant='normal', weight=600, stretch='normal', size='scalable')) = 11.24
2026-05-22 12:59:34,849 [DEBUG] matplotlib.font_manager: findfont: score(FontEntry(fname='C:\\Windows\\Fonts\\NotoSans-CondensedBold.ttf', name='Noto Sans', style='normal', variant='normal', weight=700, stretch='condensed', size='scalable')) = 10.535
2026-05-22 12:59:34,849 [DEBUG] matplotlib.font_manager: findfont: score(FontEntry(fname='C:\\Users\\Александр\\AppData\\Local\\Microsoft\\Windows\\Fonts\\remixicon-2.5.0.ttf', name='remixicon', style='normal', variant='normal', weight=400, stretch='normal', size='scalable')) = 10.05
2026-05-22 12:59:34,849 [DEBUG] matplotlib.font_manager: findfont: score(FontEntry(fname='C:\\Windows\\Fonts\\SourceCodePro-Bold.ttf', name='Source Code Pro', style='normal', variant='normal', weight=700, stretch='normal', size='scalable')) = 10.335
2026-05-22 12:59:34,849 [DEBUG] matplotlib.font_manager: findfont: score(FontEntry(fname='C:\\Windows\\Fonts\\MISTRAL.TTF', name='Mistral', style='normal', variant='normal', weight=400, stretch='normal', size='scalable')) = 10.05
2026-05-22 12:59:34,850 [DEBUG] matplotlib.font_manager: findfont: score(FontEntry(fname='C:\\Windows\\Fonts\\trebuc.ttf', name='Trebuchet MS', style='normal', variant='normal', weight=400, stretch='normal', size='scalable')) = 10.05
2026-05-22 12:59:34,850 [DEBUG] matplotlib.font_manager: findfont: score(FontEntry(fname='C:\\Windows\\Fonts\\NotoNaskhArabic-Bold.ttf', name='Noto Naskh Arabic', style='normal', variant='normal', weight=700, stretch='normal', size='scalable')) = 10.335
2026-05-22 12:59:34,850 [DEBUG] matplotlib.font_manager: findfont: score(FontEntry(fname='C:\\Windows\\Fonts\\DavidCLM-BoldItalic.ttf', name='David CLM', style='italic', variant='normal', weight=700, stretch='normal', size='scalable')) = 11.335
2026-05-22 12:59:34,850 [DEBUG] matplotlib.font_manager: findfont: score(FontEntry(fname='C:\\Windows\\Fonts\\NotoMono-Regular.ttf', name='Noto Mono', style='normal', variant='normal', weight=400, stretch='normal', size='scalable')) = 10.05
2026-05-22 12:59:34,850 [DEBUG] matplotlib.font_manager: findfont: score(FontEntry(fname='C:\\Windows\\Fonts\\msjhbd.ttc', name='Microsoft JhengHei', style='normal', variant='normal', weight=700, stretch='normal', size='scalable')) = 10.335
2026-05-22 12:59:34,850 [DEBUG] matplotlib.font_manager: findfont: score(FontEntry(fname='C:\\Windows\\Fonts\\SourceCodePro-It.ttf', name='Source Code Pro', style='italic', variant='normal', weight=400, stretch='normal', size='scalable')) = 11.05
2026-05-22 12:59:34,850 [DEBUG] matplotlib.font_manager: findfont: score(FontEntry(fname='C:\\Windows\\Fonts\\FrankRuehlCLM-BoldOblique.ttf', name='Frank Ruehl CLM', style='oblique', variant='normal', weight=700, stretch='normal', size='scalable')) = 11.335
2026-05-22 12:59:34,850 [DEBUG] matplotlib.font_manager: findfont: score(FontEntry(fname='C:\\Windows\\Fonts\\NotoSans-Italic.ttf', name='Noto Sans', style='italic', variant='normal', weight=400, stretch='normal', size='scalable')) = 11.05
2026-05-22 12:59:34,850 [DEBUG] matplotlib.font_manager: findfont: score(FontEntry(fname='C:\\Windows\\Fonts\\NotoSerifLao-Regular.ttf', name='Noto Serif Lao', style='normal', variant='normal', weight=400, stretch='normal', size='scalable')) = 10.05
2026-05-22 12:59:34,850 [DEBUG] matplotlib.font_manager: findfont: score(FontEntry(fname='C:\\Windows\\Fonts\\GenBkBasI.ttf', name='Gentium Book Basic', style='italic', variant='normal', weight=400, stretch='normal', size='scalable')) = 11.05
2026-05-22 12:59:34,850 [DEBUG] matplotlib.font_manager: findfont: score(FontEntry(fname='C:\\Windows\\Fonts\\segoeuisl.ttf', name='Segoe UI', style='normal', variant='normal', weight=350, stretch='normal', size='scalable')) = 10.0975
2026-05-22 12:59:34,850 [DEBUG] matplotlib.font_manager: findfont: score(FontEntry(fname='C:\\Windows\\Fonts\\eumat1b.ttf', name='Euclid Math One', style='normal', variant='normal', weight=700, stretch='normal', size='scalable')) = 10.335
2026-05-22 12:59:34,850 [DEBUG] matplotlib.font_manager: findfont: score(FontEntry(fname='C:\\Windows\\Fonts\\swisot2.ttf', name='SWIsot2', style='normal', variant='normal', weight=400, stretch='normal', size='scalable')) = 10.05
2026-05-22 12:59:34,850 [DEBUG] matplotlib.font_manager: findfont: score(FontEntry(fname='C:\\Windows\\Fonts\\Symbol Tiger Expert_01.ttf', name='Symbol Tiger Expert', style='normal', variant='normal', weight=400, stretch='normal', size='scalable')) = 10.05
2026-05-22 12:59:34,850 [DEBUG] matplotlib.font_manager: findfont: score(FontEntry(fname='C:\\Windows\\Fonts\\DejaVuSans-Bold.ttf', name='DejaVu Sans', style='normal', variant='normal', weight=700, stretch='normal', size='scalable')) = 0.33499999999999996
2026-05-22 12:59:34,850 [DEBUG] matplotlib.font_manager: findfont: score(FontEntry(fname='C:\\Windows\\Fonts\\ntailub.ttf', name='Microsoft New Tai Lue', style='normal', variant='normal', weight=700, stretch='normal', size='scalable')) = 10.335
2026-05-22 12:59:34,850 [DEBUG] matplotlib.font_manager: findfont: score(FontEntry(fname='C:\\Windows\\Fonts\\impact.ttf', name='Impact', style='normal', variant='normal', weight=400, stretch='normal', size='scalable')) = 10.05
2026-05-22 12:59:34,850 [DEBUG] matplotlib.font_manager: findfont: score(FontEntry(fname='C:\\Windows\\Fonts\\TEMPSITC.TTF', name='Tempus Sans ITC', style='normal', variant='normal', weight=400, stretch='normal', size='scalable')) = 10.05
2026-05-22 12:59:34,851 [DEBUG] matplotlib.font_manager: findfont: score(FontEntry(fname='C:\\Program Files\\SOLIDWORKS Corp\\SOLIDWORKS Visualize\\Plugins\\sp.x\\resources\\fonts\\OpenType\\DSISO1.otf', name='DS ISO 1', style='normal', variant='normal', weight=400, stretch='normal', size='scalable')) = 10.05
2026-05-22 12:59:34,851 [DEBUG] matplotlib.font_manager: findfont: score(FontEntry(fname='C:\\Windows\\Fonts\\solidworks gdt.ttf', name='SolidWorks GDT', style='normal', variant='normal', weight=400, stretch='normal', size='scalable')) = 10.05
2026-05-22 12:59:34,851 [DEBUG] matplotlib.font_manager: findfont: score(FontEntry(fname='C:\\Windows\\Fonts\\LinBiolinum_R_G.ttf', name='Linux Biolinum G', style='normal', variant='normal', weight=400, stretch='normal', size='scalable')) = 10.05
2026-05-22 12:59:34,851 [DEBUG] matplotlib.font_manager: findfont: score(FontEntry(fname='C:\\Windows\\Fonts\\Tiger.ttf', name='Tiger', style='normal', variant='normal', weight=400, stretch='normal', size='scalable')) = 10.05
2026-05-22 12:59:34,851 [DEBUG] matplotlib.font_manager: findfont: score(FontEntry(fname='C:\\Windows\\Fonts\\gadugi.ttf', name='Gadugi', style='normal', variant='normal', weight=400, stretch='normal', size='scalable')) = 10.05
2026-05-22 12:59:34,851 [DEBUG] matplotlib.font_manager: findfont: score(FontEntry(fname='C:\\Windows\\Fonts\\LiberationSansNarrow-Italic.ttf', name='Liberation Sans Narrow', style='italic', variant='normal', weight=400, stretch='condensed', size='scalable')) = 11.25
2026-05-22 12:59:34,851 [DEBUG] matplotlib.font_manager: findfont: score(FontEntry(fname='C:\\Windows\\Fonts\\georgiab.ttf', name='Georgia', style='normal', variant='normal', weight=700, stretch='normal', size='scalable')) = 10.335
2026-05-22 12:59:34,851 [DEBUG] matplotlib.font_manager: findfont: score(FontEntry(fname='C:\\Windows\\Fonts\\BSSYM7.TTF', name='Bookshelf Symbol 7', style='normal', variant='normal', weight=400, stretch='normal', size='scalable')) = 10.05
2026-05-22 12:59:34,851 [DEBUG] matplotlib.font_manager: findfont: score(FontEntry(fname='C:\\Windows\\Fonts\\tahoma.ttf', name='Tahoma', style='normal', variant='normal', weight=400, stretch='normal', size='scalable')) = 10.05
2026-05-22 12:59:34,851 [DEBUG] matplotlib.font_manager: findfont: score(FontEntry(fname='C:\\Program Files\\SOLIDWORKS Corp\\SOLIDWORKS Visualize\\Plugins\\sp.x\\resources\\fonts\\TrueType\\3ds Italic.ttf', name='3ds', style='italic', variant='normal', weight=400, stretch='normal', size='scalable')) = 11.05
2026-05-22 12:59:34,851 [DEBUG] matplotlib.font_manager: findfont: score(FontEntry(fname='C:\\Windows\\Fonts\\BOOKOSI.TTF', name='Bookman Old Style', style='italic', variant='normal', weight=300, stretch='normal', size='scalable')) = 11.145
2026-05-22 12:59:34,851 [DEBUG] matplotlib.font_manager: findfont: score(FontEntry(fname='C:\\Windows\\Fonts\\YuGothB.ttc', name='Yu Gothic', style='normal', variant='normal', weight=700, stretch='normal', size='scalable')) = 10.335
2026-05-22 12:59:34,851 [DEBUG] matplotlib.font_manager: findfont: score(FontEntry(fname='C:\\Windows\\Fonts\\Caladea-Italic.ttf', name='Caladea', style='italic', variant='normal', weight=400, stretch='normal', size='scalable')) = 11.05
2026-05-22 12:59:34,851 [DEBUG] matplotlib.font_manager: findfont: score(FontEntry(fname='C:\\Windows\\Fonts\\times.ttf', name='Times New Roman', style='normal', variant='normal', weight=400, stretch='normal', size='scalable')) = 10.05
2026-05-22 12:59:34,851 [DEBUG] matplotlib.font_manager: findfont: score(FontEntry(fname='C:\\Windows\\Fonts\\micross.ttf', name='Microsoft Sans Serif', style='normal', variant='normal', weight=400, stretch='normal', size='scalable')) = 10.05
2026-05-22 12:59:34,851 [DEBUG] matplotlib.font_manager: findfont: score(FontEntry(fname='C:\\Windows\\Fonts\\NotoSans-Light.ttf', name='Noto Sans', style='normal', variant='normal', weight=300, stretch='normal', size='scalable')) = 10.145
2026-05-22 12:59:34,851 [DEBUG] matplotlib.font_manager: findfont: score(FontEntry(fname='C:\\Windows\\Fonts\\Candaral.ttf', name='Candara', style='normal', variant='normal', weight=400, stretch='normal', size='scalable')) = 10.05
2026-05-22 12:59:34,851 [DEBUG] matplotlib.font_manager: findfont: score(FontEntry(fname='C:\\Windows\\Fonts\\LiberationSans-Regular.ttf', name='Liberation Sans', style='normal', variant='normal', weight=400, stretch='normal', size='scalable')) = 10.05
2026-05-22 12:59:34,852 [DEBUG] matplotlib.font_manager: findfont: score(FontEntry(fname='C:\\Windows\\Fonts\\GenBkBasBI.ttf', name='Gentium Book Basic', style='italic', variant='normal', weight=700, stretch='normal', size='scalable')) = 11.335
2026-05-22 12:59:34,852 [DEBUG] matplotlib.font_manager: findfont: score(FontEntry(fname='C:\\Users\\Александр\\AppData\\Local\\Microsoft\\Windows\\Fonts\\phosphor-1.3.0.ttf', name='Phosphor', style='normal', variant='normal', weight=400, stretch='normal', size='scalable')) = 10.05
2026-05-22 12:59:34,852 [DEBUG] matplotlib.font_manager: findfont: score(FontEntry(fname='C:\\Windows\\Fonts\\NotoSans-Condensed.ttf', name='Noto Sans', style='normal', variant='normal', weight=400, stretch='condensed', size='scalable')) = 10.25
2026-05-22 12:59:34,852 [DEBUG] matplotlib.font_manager: findfont: score(FontEntry(fname='C:\\Windows\\Fonts\\swisop3.ttf', name='SWIsop3', style='normal', variant='normal', weight=400, stretch='normal', size='scalable')) = 10.05
2026-05-22 12:59:34,852 [DEBUG] matplotlib.font_manager: findfont: score(FontEntry(fname='C:\\Windows\\Fonts\\swromns.ttf', name='SWRomns', style='normal', variant='normal', weight=400, stretch='normal', size='scalable')) = 10.05
2026-05-22 12:59:34,852 [DEBUG] matplotlib.font_manager: findfont: score(FontEntry(fname='C:\\Windows\\Fonts\\MiriamLibre-Bold.otf', name='Miriam Libre', style='normal', variant='normal', weight=700, stretch='normal', size='scalable')) = 10.335
2026-05-22 12:59:34,852 [DEBUG] matplotlib.font_manager: findfont: score(FontEntry(fname='C:\\Windows\\Fonts\\SourceSansPro-Regular.ttf', name='Source Sans Pro', style='normal', variant='normal', weight=400, stretch='normal', size='scalable')) = 10.05
2026-05-22 12:59:34,852 [DEBUG] matplotlib.font_manager: findfont: score(FontEntry(fname='C:\\Windows\\Fonts\\constanz.ttf', name='Constantia', style='italic', variant='normal', weight=700, stretch='normal', size='scalable')) = 11.335
2026-05-22 12:59:34,852 [DEBUG] matplotlib.font_manager: findfont: score(FontEntry(fname='C:\\Windows\\Fonts\\segmdl2.ttf', name='Segoe MDL2 Assets', style='normal', variant='normal', weight=400, stretch='normal', size='scalable')) = 10.05
2026-05-22 12:59:34,852 [DEBUG] matplotlib.font_manager: findfont: score(FontEntry(fname='C:\\Windows\\Fonts\\NotoSans-LightItalic.ttf', name='Noto Sans', style='italic', variant='normal', weight=300, stretch='normal', size='scalable')) = 11.145
2026-05-22 12:59:34,852 [DEBUG] matplotlib.font_manager: findfont: score(FontEntry(fname='C:\\Users\\Александр\\AppData\\Local\\Microsoft\\Windows\\Fonts\\fontawesome6-solid-webfont-6.7.2.ttf', name='Font Awesome 6 Free Solid', style='normal', variant='normal', weight=900, stretch='normal', size='scalable')) = 10.525
2026-05-22 12:59:34,852 [DEBUG] matplotlib.font_manager: findfont: score(FontEntry(fname='C:\\Windows\\Fonts\\georgiaz.ttf', name='Georgia', style='italic', variant='normal', weight=700, stretch='normal', size='scalable')) = 11.335
2026-05-22 12:59:34,852 [DEBUG] matplotlib.font_manager: findfont: score(FontEntry(fname='C:\\Windows\\Fonts\\NotoSerif-CondensedBoldItalic.ttf', name='Noto Serif', style='italic', variant='normal', weight=700, stretch='condensed', size='scalable')) = 11.535
2026-05-22 12:59:34,852 [DEBUG] matplotlib.font_manager: findfont: score(FontEntry(fname='C:\\Windows\\Fonts\\DejaVuSansMono-Bold.ttf', name='DejaVu Sans Mono', style='normal', variant='normal', weight=700, stretch='normal', size='scalable')) = 10.335
2026-05-22 12:59:34,852 [DEBUG] matplotlib.font_manager: findfont: score(FontEntry(fname='C:\\Windows\\Fonts\\segoeui.ttf', name='Segoe UI', style='normal', variant='normal', weight=400, stretch='normal', size='scalable')) = 10.05
2026-05-22 12:59:34,852 [DEBUG] matplotlib.font_manager: findfont: score(FontEntry(fname='C:\\Windows\\Fonts\\palab.ttf', name='Palatino Linotype', style='normal', variant='normal', weight=700, stretch='normal', size='scalable')) = 10.335
2026-05-22 12:59:34,852 [DEBUG] matplotlib.font_manager: findfont: score(FontEntry(fname='C:\\Program Files\\SOLIDWORKS Corp\\SOLIDWORKS Visualize\\Plugins\\sp.x\\resources\\fonts\\extrafiles\\TrueType\\Dutch.ttf', name='Dutch801 Rm BT', style='normal', variant='normal', weight=400, stretch='normal', size='scalable')) = 10.05
2026-05-22 12:59:34,853 [DEBUG] matplotlib.font_manager: findfont: score(FontEntry(fname='C:\\Windows\\Fonts\\NirmalaB.ttf', name='Nirmala UI', style='normal', variant='normal', weight=700, stretch='normal', size='scalable')) = 10.335
2026-05-22 12:59:34,853 [DEBUG] matplotlib.font_manager: findfont: score(FontEntry(fname='C:\\Windows\\Fonts\\LeelUIsl.ttf', name='Leelawadee UI', style='normal', variant='normal', weight=350, stretch='normal', size='scalable')) = 10.0975
2026-05-22 12:59:34,853 [DEBUG] matplotlib.font_manager: findfont: score(FontEntry(fname='C:\\Windows\\Fonts\\trebucbd.ttf', name='Trebuchet MS', style='normal', variant='normal', weight=700, stretch='normal', size='scalable')) = 10.335
2026-05-22 12:59:34,853 [DEBUG] matplotlib.font_manager: findfont: score(FontEntry(fname='C:\\Windows\\Fonts\\LiberationSerif-Italic.ttf', name='Liberation Serif', style='italic', variant='normal', weight=400, stretch='normal', size='scalable')) = 11.05
2026-05-22 12:59:34,853 [DEBUG] matplotlib.font_manager: findfont: score(FontEntry(fname='C:\\Windows\\Fonts\\DejaVuSerif.ttf', name='DejaVu Serif', style='normal', variant='normal', weight=400, stretch='normal', size='scalable')) = 10.05
2026-05-22 12:59:34,853 [DEBUG] matplotlib.font_manager: findfont: score(FontEntry(fname='C:\\Windows\\Fonts\\NotoSerifHebrew-Bold.ttf', name='Noto Serif Hebrew', style='normal', variant='normal', weight=700, stretch='normal', size='scalable')) = 10.335
2026-05-22 12:59:34,853 [DEBUG] matplotlib.font_manager: findfont: score(FontEntry(fname='C:\\Windows\\Fonts\\GOTHICBI.TTF', name='Century Gothic', style='italic', variant='normal', weight=700, stretch='normal', size='scalable')) = 11.335
2026-05-22 12:59:34,853 [DEBUG] matplotlib.font_manager: findfont: score(FontEntry(fname='C:\\Program Files\\SOLIDWORKS Corp\\SOLIDWORKS Visualize\\Plugins\\sp.x\\resources\\fonts\\TrueType\\3ds Bold.ttf', name='3ds', style='normal', variant='normal', weight=700, stretch='normal', size='scalable')) = 10.335
2026-05-22 12:59:34,853 [DEBUG] matplotlib.font_manager: findfont: score(FontEntry(fname='C:\\Windows\\Fonts\\framd.ttf', name='Franklin Gothic Medium', style='normal', variant='normal', weight=400, stretch='normal', size='scalable')) = 10.05
2026-05-22 12:59:34,853 [DEBUG] matplotlib.font_manager: findfont: score(FontEntry(fname='C:\\Windows\\Fonts\\Carlito-Bold.ttf', name='Carlito', style='normal', variant='normal', weight=700, stretch='normal', size='scalable')) = 10.335
2026-05-22 12:59:34,853 [DEBUG] matplotlib.font_manager: findfont: score(FontEntry(fname='C:\\Windows\\Fonts\\phagspa.ttf', name='Microsoft PhagsPa', style='normal', variant='normal', weight=400, stretch='normal', size='scalable')) = 10.05
2026-05-22 12:59:34,853 [DEBUG] matplotlib.font_manager: findfont: score(FontEntry(fname='C:\\Windows\\Fonts\\DUBAI-BOLD.TTF', name='Dubai', style='normal', variant='normal', weight=700, stretch='normal', size='scalable')) = 10.335
2026-05-22 12:59:34,853 [DEBUG] matplotlib.font_manager: findfont: score(FontEntry(fname='C:\\Windows\\Fonts\\LiberationSans-Italic.ttf', name='Liberation Sans', style='italic', variant='normal', weight=400, stretch='normal', size='scalable')) = 11.05
2026-05-22 12:59:34,853 [DEBUG] matplotlib.font_manager: findfont: score(FontEntry(fname='C:\\Windows\\Fonts\\GOTHICI.TTF', name='Century Gothic', style='italic', variant='normal', weight=400, stretch='normal', size='scalable')) = 11.05
2026-05-22 12:59:34,853 [DEBUG] matplotlib.font_manager: findfont: score(FontEntry(fname='C:\\Windows\\Fonts\\LiberationMono-Regular.ttf', name='Liberation Mono', style='normal', variant='normal', weight=400, stretch='normal', size='scalable')) = 10.05
2026-05-22 12:59:34,853 [DEBUG] matplotlib.font_manager: findfont: score(FontEntry(fname='C:\\Windows\\Fonts\\segoesc.ttf', name='Segoe Script', style='normal', variant='normal', weight=400, stretch='normal', size='scalable')) = 10.05
2026-05-22 12:59:34,853 [DEBUG] matplotlib.font_manager: findfont: score(FontEntry(fname='C:\\Windows\\Fonts\\Amiri-Bold.ttf', name='Amiri', style='normal', variant='normal', weight=700, stretch='normal', size='scalable')) = 10.335
2026-05-22 12:59:34,854 [DEBUG] matplotlib.font_manager: findfont: score(FontEntry(fname='C:\\Program Files\\SOLIDWORKS Corp\\SOLIDWORKS\\HoopsPublish\\resource\\Font\\adobemingstd-light.otf', name='Adobe Ming Std', style='normal', variant='normal', weight=300, stretch='normal', size='scalable')) = 10.145
2026-05-22 12:59:34,854 [DEBUG] matplotlib.font_manager: findfont: score(FontEntry(fname='C:\\Program Files\\SOLIDWORKS Corp\\SOLIDWORKS\\HoopsPublish\\resource\\Font\\courierstd-bold.otf', name='Courier Std', style='normal', variant='normal', weight=700, stretch='normal', size='scalable')) = 10.335
2026-05-22 12:59:34,854 [DEBUG] matplotlib.font_manager: findfont: score(FontEntry(fname='C:\\Windows\\Fonts\\NotoSansArmenian-Bold.ttf', name='Noto Sans Armenian', style='normal', variant='normal', weight=700, stretch='normal', size='scalable')) = 10.335
2026-05-22 12:59:34,854 [DEBUG] matplotlib.font_manager: findfont: score(FontEntry(fname='C:\\Windows\\Fonts\\DejaVuSansCondensed-Oblique.ttf', name='DejaVu Sans', style='oblique', variant='normal', weight=400, stretch='condensed', size='scalable')) = 1.25
2026-05-22 12:59:34,854 [DEBUG] matplotlib.font_manager: findfont: score(FontEntry(fname='C:\\Program Files\\SOLIDWORKS Corp\\SOLIDWORKS Visualize\\Plugins\\sp.x\\resources\\fonts\\extrafiles\\TrueType\\MonosB.ttf', name='Monospac821 BT', style='normal', variant='normal', weight=700, stretch='normal', size='scalable')) = 10.335
2026-05-22 12:59:34,854 [DEBUG] matplotlib.font_manager: findfont: score(FontEntry(fname='C:\\Windows\\Fonts\\simsunb.ttf', name='SimSun-ExtB', style='normal', variant='normal', weight=400, stretch='normal', size='scalable')) = 10.05
2026-05-22 12:59:34,854 [DEBUG] matplotlib.font_manager: findfont: score(FontEntry(fname='C:\\Windows\\Fonts\\NotoSerif-Light.ttf', name='Noto Serif', style='normal', variant='normal', weight=300, stretch='normal', size='scalable')) = 10.145
2026-05-22 12:59:34,854 [DEBUG] matplotlib.font_manager: findfont: score(FontEntry(fname='C:\\Windows\\Fonts\\NotoSans-BoldItalic.ttf', name='Noto Sans', style='italic', variant='normal', weight=700, stretch='normal', size='scalable')) = 11.335
2026-05-22 12:59:34,854 [DEBUG] matplotlib.font_manager: findfont: score(FontEntry(fname='C:\\Windows\\Fonts\\corbelli.ttf', name='Corbel', style='italic', variant='normal', weight=300, stretch='normal', size='scalable')) = 11.145
2026-05-22 12:59:34,854 [DEBUG] matplotlib.font_manager: findfont: score(FontEntry(fname='C:\\Windows\\Fonts\\SourceSerifPro-Semibold.ttf', name='Source Serif Pro', style='normal', variant='normal', weight=600, stretch='normal', size='scalable')) = 10.24
2026-05-22 12:59:34,854 [DEBUG] matplotlib.font_manager: findfont: score(FontEntry(fname='C:\\Windows\\Fonts\\ANTQUAB.TTF', name='Book Antiqua', style='normal', variant='normal', weight=700, stretch='normal', size='scalable')) = 10.335
2026-05-22 12:59:34,854 [DEBUG] matplotlib.font_manager: findfont: score(FontEntry(fname='C:\\Program Files\\SOLIDWORKS Corp\\SOLIDWORKS Visualize\\Plugins\\sp.x\\resources\\fonts\\extrafiles\\TrueType\\CoureBI.ttf', name='Courier10 BT', style='italic', variant='normal', weight=700, stretch='normal', size='scalable')) = 11.335
2026-05-22 12:59:34,854 [DEBUG] matplotlib.font_manager: findfont: score(FontEntry(fname='C:\\Windows\\Fonts\\corbel.ttf', name='Corbel', style='normal', variant='normal', weight=400, stretch='normal', size='scalable')) = 10.05
2026-05-22 12:59:34,854 [DEBUG] matplotlib.font_manager: findfont: score(FontEntry(fname='C:\\Windows\\Fonts\\SourceCodePro-SemiboldIt.ttf', name='Source Code Pro', style='italic', variant='normal', weight=600, stretch='normal', size='scalable')) = 11.24
2026-05-22 12:59:34,854 [DEBUG] matplotlib.font_manager: findfont: score(FontEntry(fname='C:\\Program Files\\SOLIDWORKS Corp\\SOLIDWORKS Visualize\\Plugins\\sp.x\\resources\\fonts\\extrafiles\\TrueType\\Monos.ttf', name='Monospac821 BT', style='normal', variant='normal', weight=400, stretch='normal', size='scalable')) = 10.05
2026-05-22 12:59:34,854 [DEBUG] matplotlib.font_manager: findfont: score(FontEntry(fname='C:\\Windows\\Fonts\\msgothic.ttc', name='MS Gothic', style='normal', variant='normal', weight=400, stretch='normal', size='scalable')) = 10.05
2026-05-22 12:59:34,854 [DEBUG] matplotlib.font_manager: findfont: score(FontEntry(fname='C:\\Windows\\Fonts\\webdings.ttf', name='Webdings', style='normal', variant='normal', weight=400, stretch='normal', size='scalable')) = 10.05
2026-05-22 12:59:34,854 [DEBUG] matplotlib.font_manager: findfont: score(FontEntry(fname='C:\\Windows\\Fonts\\CENTURY.TTF', name='Century', style='normal', variant='normal', weight=400, stretch='normal', size='scalable')) = 10.05
2026-05-22 12:59:34,855 [DEBUG] matplotlib.font_manager: findfont: score(FontEntry(fname='C:\\Windows\\Fonts\\Scheherazade-Regular.ttf', name='Scheherazade', style='normal', variant='normal', weight=400, stretch='normal', size='scalable')) = 10.05
2026-05-22 12:59:34,855 [DEBUG] matplotlib.font_manager: findfont: score(FontEntry(fname='C:\\Windows\\Fonts\\seguili.ttf', name='Segoe UI', style='italic', variant='normal', weight=300, stretch='normal', size='scalable')) = 11.145
2026-05-22 12:59:34,855 [DEBUG] matplotlib.font_manager: findfont: score(FontEntry(fname='C:\\Users\\Александр\\AppData\\Local\\Microsoft\\Windows\\Fonts\\materialdesignicons5-webfont-5.9.55.ttf', name='Material Design Icons 5.9.55', style='normal', variant='normal', weight=400, stretch='normal', size='scalable')) = 10.05
2026-05-22 12:59:34,855 [DEBUG] matplotlib.font_manager: findfont: score(FontEntry(fname='C:\\Windows\\Fonts\\LinBiolinum_RB_G.ttf', name='Linux Biolinum G', style='normal', variant='normal', weight=700, stretch='normal', size='scalable')) = 10.335
2026-05-22 12:59:34,855 [DEBUG] matplotlib.font_manager: findfont: score(FontEntry(fname='C:\\Windows\\Fonts\\YuGothM.ttc', name='Yu Gothic', style='normal', variant='normal', weight=500, stretch='normal', size='scalable')) = 10.145
2026-05-22 12:59:34,855 [DEBUG] matplotlib.font_manager: findfont: score(FontEntry(fname='C:\\Windows\\Fonts\\DavidCLM-MediumItalic.ttf', name='David CLM', style='italic', variant='normal', weight=500, stretch='normal', size='scalable')) = 11.145
2026-05-22 12:59:34,855 [DEBUG] matplotlib.font_manager: findfont: score(FontEntry(fname='C:\\Windows\\Fonts\\GARA.TTF', name='Garamond', style='normal', variant='normal', weight=400, stretch='normal', size='scalable')) = 10.05
2026-05-22 12:59:34,855 [DEBUG] matplotlib.font_manager: findfont: score(FontEntry(fname='C:\\Windows\\Fonts\\ANTQUAI.TTF', name='Book Antiqua', style='italic', variant='normal', weight=400, stretch='normal', size='scalable')) = 11.05
2026-05-22 12:59:34,855 [DEBUG] matplotlib.font_manager: findfont: score(FontEntry(fname='C:\\Program Files\\SOLIDWORKS Corp\\SOLIDWORKS Visualize\\Plugins\\sp.x\\resources\\fonts\\extrafiles\\TrueType\\Coure.ttf', name='Courier10 BT', style='normal', variant='normal', weight=400, stretch='normal', size='scalable')) = 10.05
2026-05-22 12:59:34,855 [DEBUG] matplotlib.font_manager: findfont: score(FontEntry(fname='C:\\Windows\\Fonts\\hyswlongfangsong.ttf', name='HYSWLongFangSong', style='normal', variant='normal', weight=400, stretch='normal', size='scalable')) = 10.05
2026-05-22 12:59:34,855 [DEBUG] matplotlib.font_manager: findfont: score(FontEntry(fname='C:\\Windows\\Fonts\\LiberationMono-Italic.ttf', name='Liberation Mono', style='italic', variant='normal', weight=400, stretch='normal', size='scalable')) = 11.05
2026-05-22 12:59:34,855 [DEBUG] matplotlib.font_manager: findfont: score(FontEntry(fname='C:\\Windows\\Fonts\\Caladea-BoldItalic.ttf', name='Caladea', style='italic', variant='normal', weight=700, stretch='normal', size='scalable')) = 11.335
2026-05-22 12:59:34,855 [DEBUG] matplotlib.font_manager: findfont: score(FontEntry(fname='C:\\Windows\\Fonts\\SourceSerifPro-It.ttf', name='Source Serif Pro', style='italic', variant='normal', weight=400, stretch='normal', size='scalable')) = 11.05
2026-05-22 12:59:34,855 [DEBUG] matplotlib.font_manager: findfont: score(FontEntry(fname='C:\\Windows\\Fonts\\SitkaZ.ttc', name='Sitka Small', style='italic', variant='normal', weight=700, stretch='normal', size='scalable')) = 11.335
2026-05-22 12:59:34,855 [DEBUG] matplotlib.font_manager: findfont: score(FontEntry(fname='C:\\Windows\\Fonts\\tahomabd.ttf', name='Tahoma', style='normal', variant='normal', weight=700, stretch='normal', size='scalable')) = 10.335
2026-05-22 12:59:34,855 [DEBUG] matplotlib.font_manager: findfont: score(FontEntry(fname='C:\\Windows\\Fonts\\MiriamMonoCLM-BoldOblique.ttf', name='Miriam Mono CLM', style='oblique', variant='normal', weight=700, stretch='normal', size='scalable')) = 11.335
2026-05-22 12:59:34,855 [DEBUG] matplotlib.font_manager: findfont: score(FontEntry(fname='C:\\Windows\\Fonts\\LiberationSerif-BoldItalic.ttf', name='Liberation Serif', style='italic', variant='normal', weight=700, stretch='normal', size='scalable')) = 11.335
2026-05-22 12:59:34,856 [DEBUG] matplotlib.font_manager: findfont: score(FontEntry(fname='C:\\Windows\\Fonts\\YuGothR.ttc', name='Yu Gothic', style='normal', variant='normal', weight=400, stretch='normal', size='scalable')) = 10.05
2026-05-22 12:59:34,856 [DEBUG] matplotlib.font_manager: findfont: score(FontEntry(fname='C:\\Windows\\Fonts\\switalt.ttf', name='SWItalt', style='normal', variant='normal', weight=400, stretch='normal', size='scalable')) = 10.05
2026-05-22 12:59:34,856 [DEBUG] matplotlib.font_manager: findfont: score(FontEntry(fname='C:\\Windows\\Fonts\\malgun.ttf', name='Malgun Gothic', style='normal', variant='normal', weight=400, stretch='normal', size='scalable')) = 10.05
2026-05-22 12:59:34,856 [DEBUG] matplotlib.font_manager: findfont: score(FontEntry(fname='C:\\Program Files\\SOLIDWORKS Corp\\SOLIDWORKS Visualize\\Plugins\\sp.x\\resources\\fonts\\extrafiles\\TrueType\\MonosBI.ttf', name='Monospac821 BT', style='italic', variant='normal', weight=700, stretch='normal', size='scalable')) = 11.335
2026-05-22 12:59:34,856 [DEBUG] matplotlib.font_manager: findfont: score(FontEntry(fname='C:\\Windows\\Fonts\\eucsymbi.ttf', name='Euclid Symbol', style='italic', variant='normal', weight=700, stretch='normal', size='scalable')) = 11.335
2026-05-22 12:59:34,856 [DEBUG] matplotlib.font_manager: findfont: score(FontEntry(fname='C:\\Windows\\Fonts\\DavidCLM-Medium.ttf', name='David CLM', style='normal', variant='normal', weight=500, stretch='normal', size='scalable')) = 10.145
2026-05-22 12:59:34,856 [DEBUG] matplotlib.font_manager: findfont: score(FontEntry(fname='C:\\Windows\\Fonts\\euclidb.ttf', name='Euclid', style='normal', variant='normal', weight=700, stretch='normal', size='scalable')) = 10.335
2026-05-22 12:59:34,856 [DEBUG] matplotlib.font_manager: findfont: score(FontEntry(fname='C:\\Windows\\Fonts\\SourceCodePro-Medium.ttf', name='Source Code Pro', style='normal', variant='normal', weight=500, stretch='normal', size='scalable')) = 10.145
2026-05-22 12:59:34,856 [DEBUG] matplotlib.font_manager: findfont: score(FontEntry(fname='C:\\Windows\\Fonts\\SourceSansPro-Light.ttf', name='Source Sans Pro', style='normal', variant='normal', weight=300, stretch='normal', size='scalable')) = 10.145
2026-05-22 12:59:34,856 [DEBUG] matplotlib.font_manager: findfont: score(FontEntry(fname='C:\\Windows\\Fonts\\PAPYRUS.TTF', name='Papyrus', style='normal', variant='normal', weight=400, stretch='normal', size='scalable')) = 10.05
2026-05-22 12:59:34,856 [DEBUG] matplotlib.font_manager: findfont: score(FontEntry(fname='C:\\Windows\\Fonts\\taile.ttf', name='Microsoft Tai Le', style='normal', variant='normal', weight=400, stretch='normal', size='scalable')) = 10.05
2026-05-22 12:59:34,856 [DEBUG] matplotlib.font_manager: findfont: score(FontEntry(fname='C:\\Windows\\Fonts\\SourceSansPro-BoldIt.ttf', name='Source Sans Pro', style='italic', variant='normal', weight=700, stretch='normal', size='scalable')) = 11.335
2026-05-22 12:59:34,856 [DEBUG] matplotlib.font_manager: findfont: score(FontEntry(fname='C:\\Windows\\Fonts\\DejaVuSansMono-BoldOblique.ttf', name='DejaVu Sans Mono', style='oblique', variant='normal', weight=700, stretch='normal', size='scalable')) = 11.335
2026-05-22 12:59:34,856 [DEBUG] matplotlib.font_manager: findfont: score(FontEntry(fname='C:\\Users\\Александр\\AppData\\Local\\Microsoft\\Windows\\Fonts\\codicon-0.0.36.ttf', name='codicon', style='normal', variant='normal', weight=400, stretch='normal', size='scalable')) = 10.05
2026-05-22 12:59:34,856 [DEBUG] matplotlib.font_manager: findfont: score(FontEntry(fname='C:\\Windows\\Fonts\\symbol.ttf', name='Symbol', style='normal', variant='normal', weight=400, stretch='normal', size='scalable')) = 10.05
2026-05-22 12:59:34,856 [DEBUG] matplotlib.font_manager: findfont: score(FontEntry(fname='C:\\Windows\\Fonts\\framdit.ttf', name='Franklin Gothic Medium', style='italic', variant='normal', weight=400, stretch='normal', size='scalable')) = 11.05
2026-05-22 12:59:34,856 [DEBUG] matplotlib.font_manager: findfont: score(FontEntry(fname='C:\\Windows\\Fonts\\NotoSansHebrew-Bold.ttf', name='Noto Sans Hebrew', style='normal', variant='normal', weight=700, stretch='normal', size='scalable')) = 10.335
2026-05-22 12:59:34,857 [DEBUG] matplotlib.font_manager: findfont: score(FontEntry(fname='C:\\Windows\\Fonts\\ANTQUABI.TTF', name='Book Antiqua', style='italic', variant='normal', weight=700, stretch='normal', size='scalable')) = 11.335
2026-05-22 12:59:34,857 [DEBUG] matplotlib.font_manager: findfont: score(FontEntry(fname='C:\\Windows\\Fonts\\DejaVuSerifCondensed.ttf', name='DejaVu Serif', style='normal', variant='normal', weight=400, stretch='condensed', size='scalable')) = 10.25
2026-05-22 12:59:34,857 [DEBUG] matplotlib.font_manager: findfont: score(FontEntry(fname='C:\\Windows\\Fonts\\DejaVuSansCondensed.ttf', name='DejaVu Sans', style='normal', variant='normal', weight=400, stretch='condensed', size='scalable')) = 0.25
2026-05-22 12:59:34,857 [DEBUG] matplotlib.font_manager: findfont: score(FontEntry(fname='C:\\Windows\\Fonts\\DUBAI-LIGHT.TTF', name='Dubai', style='normal', variant='normal', weight=300, stretch='normal', size='scalable')) = 10.145
2026-05-22 12:59:34,857 [DEBUG] matplotlib.font_manager: findfont: score(FontEntry(fname='C:\\Windows\\Fonts\\calibri.ttf', name='Calibri', style='normal', variant='normal', weight=400, stretch='normal', size='scalable')) = 10.05
2026-05-22 12:59:34,857 [DEBUG] matplotlib.font_manager: findfont: score(FontEntry(fname='C:\\Windows\\Fonts\\consolaz.ttf', name='Consolas', style='italic', variant='normal', weight=700, stretch='normal', size='scalable')) = 11.335
2026-05-22 12:59:34,857 [DEBUG] matplotlib.font_manager: findfont: score(FontEntry(fname='C:\\Windows\\Fonts\\constanb.ttf', name='Constantia', style='normal', variant='normal', weight=700, stretch='normal', size='scalable')) = 10.335
2026-05-22 12:59:34,857 [DEBUG] matplotlib.font_manager: findfont: score(FontEntry(fname='C:\\Windows\\Fonts\\himalaya.ttf', name='Microsoft Himalaya', style='normal', variant='normal', weight=400, stretch='normal', size='scalable')) = 10.05
2026-05-22 12:59:34,857 [DEBUG] matplotlib.font_manager: findfont: score(FontEntry(fname='C:\\Windows\\Fonts\\NotoNaskhArabicUI-Regular.ttf', name='Noto Naskh Arabic UI', style='normal', variant='normal', weight=400, stretch='normal', size='scalable')) = 10.05
2026-05-22 12:59:34,857 [DEBUG] matplotlib.font_manager: findfont: score(FontEntry(fname='C:\\Program Files\\SOLIDWORKS Corp\\SOLIDWORKS Visualize\\Plugins\\sp.x\\resources\\fonts\\extrafiles\\TrueType\\CoureB.ttf', name='Courier10 BT', style='normal', variant='normal', weight=700, stretch='normal', size='scalable')) = 10.335
2026-05-22 12:59:34,857 [DEBUG] matplotlib.font_manager: findfont: score(FontEntry(fname='C:\\Windows\\Fonts\\cambriaz.ttf', name='Cambria', style='italic', variant='normal', weight=700, stretch='normal', size='scalable')) = 11.335
2026-05-22 12:59:34,857 [DEBUG] matplotlib.font_manager: findfont: score(FontEntry(fname='C:\\Windows\\Fonts\\DejaVuSerif-Bold.ttf', name='DejaVu Serif', style='normal', variant='normal', weight=700, stretch='normal', size='scalable')) = 10.335
2026-05-22 12:59:34,857 [DEBUG] matplotlib.font_manager: findfont: score(FontEntry(fname='C:\\Windows\\Fonts\\constan.ttf', name='Constantia', style='normal', variant='normal', weight=400, stretch='normal', size='scalable')) = 10.05
2026-05-22 12:59:34,857 [DEBUG] matplotlib.font_manager: findfont: score(FontEntry(fname='C:\\Windows\\Fonts\\comic.ttf', name='Comic Sans MS', style='normal', variant='normal', weight=400, stretch='normal', size='scalable')) = 10.05
2026-05-22 12:59:34,857 [DEBUG] matplotlib.font_manager: findfont: score(FontEntry(fname='C:\\Windows\\Fonts\\mingliub.ttc', name='MingLiU-ExtB', style='normal', variant='normal', weight=400, stretch='normal', size='scalable')) = 10.05
2026-05-22 12:59:34,857 [DEBUG] matplotlib.font_manager: findfont: score(FontEntry(fname='C:\\Windows\\Fonts\\verdanab.ttf', name='Verdana', style='normal', variant='normal', weight=700, stretch='normal', size='scalable')) = 3.9713636363636367
2026-05-22 12:59:34,857 [DEBUG] matplotlib.font_manager: findfont: score(FontEntry(fname='C:\\Windows\\Fonts\\NotoSansLao-Bold.ttf', name='Noto Sans Lao', style='normal', variant='normal', weight=700, stretch='normal', size='scalable')) = 10.335
2026-05-22 12:59:34,858 [DEBUG] matplotlib.font_manager: findfont: score(FontEntry(fname='C:\\Program Files\\SOLIDWORKS Corp\\SOLIDWORKS Visualize\\Plugins\\sp.x\\resources\\fonts\\TrueType\\3ds_fonticon.ttf', name='3DS Fonticon', style='normal', variant='normal', weight=400, stretch='normal', size='scalable')) = 10.05
2026-05-22 12:59:34,858 [DEBUG] matplotlib.font_manager: findfont: score(FontEntry(fname='C:\\Windows\\Fonts\\GARAIT.TTF', name='Garamond', style='italic', variant='normal', weight=400, stretch='normal', size='scalable')) = 11.05
2026-05-22 12:59:34,858 [DEBUG] matplotlib.font_manager: findfont: score(FontEntry(fname='C:\\Program Files\\SOLIDWORKS Corp\\SOLIDWORKS Visualize\\Plugins\\sp.x\\resources\\fonts\\extrafiles\\TrueType\\SwissB.ttf', name='Swis721 BT', style='normal', variant='normal', weight=700, stretch='normal', size='scalable')) = 10.335
2026-05-22 12:59:34,858 [DEBUG] matplotlib.font_manager: findfont: score(FontEntry(fname='C:\\Windows\\Fonts\\palabi.ttf', name='Palatino Linotype', style='italic', variant='normal', weight=700, stretch='normal', size='scalable')) = 11.335
2026-05-22 12:59:34,858 [DEBUG] matplotlib.font_manager: findfont: score(FontEntry(fname='C:\\Windows\\Fonts\\SourceSerifPro-Regular.ttf', name='Source Serif Pro', style='normal', variant='normal', weight=400, stretch='normal', size='scalable')) = 10.05
2026-05-22 12:59:34,858 [DEBUG] matplotlib.font_manager: findfont: score(FontEntry(fname='C:\\Windows\\Fonts\\FREESCPT.TTF', name='Freestyle Script', style='normal', variant='normal', weight=400, stretch='normal', size='scalable')) = 10.05
2026-05-22 12:59:34,858 [DEBUG] matplotlib.font_manager: findfont: score(FontEntry(fname='C:\\Windows\\Fonts\\SourceSansPro-Black.ttf', name='Source Sans Pro', style='normal', variant='normal', weight=900, stretch='normal', size='scalable')) = 10.525
2026-05-22 12:59:34,858 [DEBUG] matplotlib.font_manager: findfont: score(FontEntry(fname='C:\\Program Files\\SOLIDWORKS Corp\\SOLIDWORKS Visualize\\Plugins\\sp.x\\resources\\fonts\\extrafiles\\TrueType\\SwissCL.ttf', name='Swis721 LtCn BT', style='normal', variant='normal', weight=400, stretch='condensed', size='scalable')) = 10.25
2026-05-22 12:59:34,858 [DEBUG] matplotlib.font_manager: findfont: score(FontEntry(fname='C:\\Windows\\Fonts\\SourceSansPro-ExtraLightIt.ttf', name='Source Sans Pro', style='italic', variant='normal', weight=200, stretch='normal', size='scalable')) = 11.24
2026-05-22 12:59:34,858 [DEBUG] matplotlib.font_manager: findfont: score(FontEntry(fname='C:\\Windows\\Fonts\\calibril.ttf', name='Calibri', style='normal', variant='normal', weight=300, stretch='normal', size='scalable')) = 10.145
2026-05-22 12:59:34,858 [DEBUG] matplotlib.font_manager: findfont: score(FontEntry(fname='C:\\Windows\\Fonts\\LiberationMono-BoldItalic.ttf', name='Liberation Mono', style='italic', variant='normal', weight=700, stretch='normal', size='scalable')) = 11.335
2026-05-22 12:59:34,858 [DEBUG] matplotlib.font_manager: findfont: score(FontEntry(fname='C:\\Windows\\Fonts\\LinLibertine_R_G.ttf', name='Linux Libertine G', style='normal', variant='normal', weight=400, stretch='normal', size='scalable')) = 10.05
2026-05-22 12:59:34,858 [DEBUG] matplotlib.font_manager: findfont: score(FontEntry(fname='C:\\Windows\\Fonts\\eumat2b.ttf', name='Euclid Math Two', style='normal', variant='normal', weight=700, stretch='normal', size='scalable')) = 10.335
2026-05-22 12:59:34,858 [DEBUG] matplotlib.font_manager: findfont: score(FontEntry(fname='C:\\Windows\\Fonts\\LeelawUI.ttf', name='Leelawadee UI', style='normal', variant='normal', weight=400, stretch='normal', size='scalable')) = 10.05
2026-05-22 12:59:34,858 [DEBUG] matplotlib.font_manager: findfont: score(FontEntry(fname='C:\\Windows\\Fonts\\swgothi.ttf', name='SWGothi', style='normal', variant='normal', weight=400, stretch='normal', size='scalable')) = 10.05
2026-05-22 12:59:34,858 [DEBUG] matplotlib.font_manager: findfont: score(FontEntry(fname='C:\\Windows\\Fonts\\NotoSerifLao-Bold.ttf', name='Noto Serif Lao', style='normal', variant='normal', weight=700, stretch='normal', size='scalable')) = 10.335
2026-05-22 12:59:34,858 [DEBUG] matplotlib.font_manager: findfont: score(FontEntry(fname='C:\\Windows\\Fonts\\GenBasI.ttf', name='Gentium Basic', style='italic', variant='normal', weight=400, stretch='normal', size='scalable')) = 11.05
2026-05-22 12:59:34,858 [DEBUG] matplotlib.font_manager: findfont: score(FontEntry(fname='C:\\Windows\\Fonts\\SourceSansPro-LightIt.ttf', name='Source Sans Pro', style='italic', variant='normal', weight=300, stretch='normal', size='scalable')) = 11.145
2026-05-22 12:59:34,859 [DEBUG] matplotlib.font_manager: findfont: score(FontEntry(fname='C:\\Windows\\Fonts\\WINGDNG2.TTF', name='Wingdings 2', style='normal', variant='normal', weight=400, stretch='normal', size='scalable')) = 10.05
2026-05-22 12:59:34,859 [DEBUG] matplotlib.font_manager: findfont: score(FontEntry(fname='C:\\Windows\\Fonts\\NotoSerifGeorgian-Regular.ttf', name='Noto Serif Georgian', style='normal', variant='normal', weight=400, stretch='normal', size='scalable')) = 10.05
2026-05-22 12:59:34,859 [DEBUG] matplotlib.font_manager: findfont: score(FontEntry(fname='C:\\Windows\\Fonts\\Rubik-Regular.ttf', name='Rubik', style='normal', variant='normal', weight=400, stretch='normal', size='scalable')) = 10.05
2026-05-22 12:59:34,859 [DEBUG] matplotlib.font_manager: findfont: score(FontEntry(fname='C:\\Windows\\Fonts\\olfsimplesansoc-regular.ttf', name='OLF SimpleSansOC', style='normal', variant='normal', weight=400, stretch='normal', size='scalable')) = 10.05
2026-05-22 12:59:34,859 [DEBUG] matplotlib.font_manager: findfont: score(FontEntry(fname='C:\\Windows\\Fonts\\Amiri-Slanted.ttf', name='Amiri', style='italic', variant='normal', weight=400, stretch='normal', size='scalable')) = 11.05
2026-05-22 12:59:34,859 [DEBUG] matplotlib.font_manager: findfont: score(FontEntry(fname='C:\\Windows\\Fonts\\holomdl2.ttf', name='HoloLens MDL2 Assets', style='normal', variant='normal', weight=400, stretch='normal', size='scalable')) = 10.05
2026-05-22 12:59:34,859 [DEBUG] matplotlib.font_manager: findfont: score(FontEntry(fname='C:\\Windows\\Fonts\\GARABD.TTF', name='Garamond', style='normal', variant='normal', weight=700, stretch='normal', size='scalable')) = 10.335
2026-05-22 12:59:34,859 [DEBUG] matplotlib.font_manager: findfont: score(FontEntry(fname='C:\\Windows\\Fonts\\SourceSerifPro-ExtraLight.ttf', name='Source Serif Pro', style='normal', variant='normal', weight=200, stretch='normal', size='scalable')) = 10.24
2026-05-22 12:59:34,859 [DEBUG] matplotlib.font_manager: findfont: score(FontEntry(fname='C:\\Windows\\Fonts\\malgunsl.ttf', name='Malgun Gothic', style='normal', variant='normal', weight=300, stretch='normal', size='scalable')) = 10.145
2026-05-22 12:59:34,859 [DEBUG] matplotlib.font_manager: findfont: score(FontEntry(fname='C:\\Windows\\Fonts\\euclidbi.ttf', name='Euclid', style='italic', variant='normal', weight=700, stretch='normal', size='scalable')) = 11.335
2026-05-22 12:59:34,859 [DEBUG] matplotlib.font_manager: findfont: score(FontEntry(fname='C:\\Windows\\Fonts\\NotoSansArmenian-Regular.ttf', name='Noto Sans Armenian', style='normal', variant='normal', weight=400, stretch='normal', size='scalable')) = 10.05
2026-05-22 12:59:34,859 [DEBUG] matplotlib.font_manager: findfont: score(FontEntry(fname='C:\\Windows\\Fonts\\constani.ttf', name='Constantia', style='italic', variant='normal', weight=400, stretch='normal', size='scalable')) = 11.05
2026-05-22 12:59:34,859 [DEBUG] matplotlib.font_manager: findfont: score(FontEntry(fname='C:\\Windows\\Fonts\\corbelz.ttf', name='Corbel', style='italic', variant='normal', weight=700, stretch='normal', size='scalable')) = 11.335
2026-05-22 12:59:34,859 [DEBUG] matplotlib.font_manager: findfont: score(FontEntry(fname='C:\\Windows\\Fonts\\ebrimabd.ttf', name='Ebrima', style='normal', variant='normal', weight=700, stretch='normal', size='scalable')) = 10.335
2026-05-22 12:59:34,859 [DEBUG] matplotlib.font_manager: findfont: score(FontEntry(fname='C:\\Windows\\Fonts\\DejaVuSerifCondensed-Italic.ttf', name='DejaVu Serif', style='italic', variant='normal', weight=400, stretch='condensed', size='scalable')) = 11.25
2026-05-22 12:59:34,859 [DEBUG] matplotlib.font_manager: findfont: score(FontEntry(fname='C:\\Windows\\Fonts\\ariali.ttf', name='Arial', style='italic', variant='normal', weight=400, stretch='normal', size='scalable')) = 7.413636363636363
2026-05-22 12:59:34,859 [DEBUG] matplotlib.font_manager: findfont: score(FontEntry(fname='C:\\Windows\\Fonts\\SourceSerifPro-Bold.ttf', name='Source Serif Pro', style='normal', variant='normal', weight=700, stretch='normal', size='scalable')) = 10.335
2026-05-22 12:59:34,859 [DEBUG] matplotlib.font_manager: findfont: score(FontEntry(fname='C:\\Windows\\Fonts\\SourceCodePro-BoldIt.ttf', name='Source Code Pro', style='italic', variant='normal', weight=700, stretch='normal', size='scalable')) = 11.335
2026-05-22 12:59:34,860 [DEBUG] matplotlib.font_manager: findfont: score(FontEntry(fname='C:\\Windows\\Fonts\\timesbi.ttf', name='Times New Roman', style='italic', variant='normal', weight=700, stretch='normal', size='scalable')) = 11.335
2026-05-22 12:59:34,860 [DEBUG] matplotlib.font_manager: findfont: score(FontEntry(fname='C:\\Windows\\Fonts\\swsimp.ttf', name='SWSimp', style='normal', variant='normal', weight=400, stretch='normal', size='scalable')) = 10.05
2026-05-22 12:59:34,860 [DEBUG] matplotlib.font_manager: findfont: score(FontEntry(fname='C:\\Windows\\Fonts\\mmrtext.ttf', name='Myanmar Text', style='normal', variant='normal', weight=400, stretch='normal', size='scalable')) = 10.05
2026-05-22 12:59:34,860 [DEBUG] matplotlib.font_manager: findfont: score(FontEntry(fname='C:\\Program Files\\SOLIDWORKS Corp\\SOLIDWORKS Visualize\\Plugins\\sp.x\\resources\\fonts\\extrafiles\\TrueType\\Mathe.ttf', name='UniversalMath1 BT', style='normal', variant='normal', weight=400, stretch='normal', size='scalable')) = 10.05
2026-05-22 12:59:34,860 [DEBUG] matplotlib.font_manager: findfont: score(FontEntry(fname='C:\\Windows\\Fonts\\NotoSansArabic-Bold.ttf', name='Noto Sans Arabic', style='normal', variant='normal', weight=700, stretch='normal', size='scalable')) = 10.335
2026-05-22 12:59:34,860 [DEBUG] matplotlib.font_manager: findfont: score(FontEntry(fname='C:\\Windows\\Fonts\\segoeuiz.ttf', name='Segoe UI', style='italic', variant='normal', weight=700, stretch='normal', size='scalable')) = 11.335
2026-05-22 12:59:34,860 [DEBUG] matplotlib.font_manager: findfont: score(FontEntry(fname='C:\\Windows\\Fonts\\eucsymi_01.ttf', name='Euclid Symbol', style='italic', variant='normal', weight=400, stretch='normal', size='scalable')) = 11.05
2026-05-22 12:59:34,860 [DEBUG] matplotlib.font_manager: findfont: score(FontEntry(fname='C:\\Windows\\Fonts\\Candara.ttf', name='Candara', style='normal', variant='normal', weight=400, stretch='normal', size='scalable')) = 10.05
2026-05-22 12:59:34,860 [DEBUG] matplotlib.font_manager: findfont: score(FontEntry(fname='C:\\Program Files\\SOLIDWORKS Corp\\SOLIDWORKS Visualize\\Plugins\\sp.x\\resources\\fonts\\OpenType\\DSISO1B.otf', name='DS ISO 1', style='normal', variant='normal', weight=700, stretch='normal', size='scalable')) = 10.335
2026-05-22 12:59:34,860 [DEBUG] matplotlib.font_manager: findfont: score(FontEntry(fname='C:\\Windows\\Fonts\\SourceSerifPro-BlackIt.ttf', name='Source Serif Pro', style='italic', variant='normal', weight=900, stretch='normal', size='scalable')) = 11.525
2026-05-22 12:59:34,860 [DEBUG] matplotlib.font_manager: findfont: score(FontEntry(fname='C:\\Windows\\Fonts\\swmono.ttf', name='SWMono', style='normal', variant='normal', weight=400, stretch='normal', size='scalable')) = 10.05
2026-05-22 12:59:34,860 [DEBUG] matplotlib.font_manager: findfont: score(FontEntry(fname='C:\\Windows\\Fonts\\comicbd.ttf', name='Comic Sans MS', style='normal', variant='normal', weight=700, stretch='normal', size='scalable')) = 10.335
2026-05-22 12:59:34,860 [DEBUG] matplotlib.font_manager: findfont: score(FontEntry(fname='C:\\Program Files\\SOLIDWORKS Corp\\SOLIDWORKS Visualize\\Plugins\\sp.x\\resources\\fonts\\extrafiles\\TrueType\\SwissCLI.ttf', name='Swis721 LtCn BT', style='italic', variant='normal', weight=400, stretch='condensed', size='scalable')) = 11.25
2026-05-22 12:59:34,860 [DEBUG] matplotlib.font_manager: findfont: score(FontEntry(fname='C:\\Windows\\Fonts\\NotoSans-Bold.ttf', name='Noto Sans', style='normal', variant='normal', weight=700, stretch='normal', size='scalable')) = 10.335
2026-05-22 12:59:34,860 [DEBUG] matplotlib.font_manager: findfont: score(FontEntry(fname='C:\\Windows\\Fonts\\DejaVuMathTeXGyre.ttf', name='DejaVu Math TeX Gyre', style='normal', variant='normal', weight=400, stretch='normal', size='scalable')) = 10.05
2026-05-22 12:59:34,861 [DEBUG] matplotlib.font_manager: findfont: score(FontEntry(fname='C:\\Windows\\Fonts\\LinLibertine_RZ_G.ttf', name='Linux Libertine G', style='normal', variant='normal', weight=600, stretch='normal', size='scalable')) = 10.24
2026-05-22 12:59:34,861 [DEBUG] matplotlib.font_manager: findfont: score(FontEntry(fname='C:\\Windows\\Fonts\\DejaVuSerif-Italic.ttf', name='DejaVu Serif', style='italic', variant='normal', weight=400, stretch='normal', size='scalable')) = 11.05
2026-05-22 12:59:34,861 [DEBUG] matplotlib.font_manager: findfont: score(FontEntry(fname='C:\\Windows\\Fonts\\Scheherazade-Bold.ttf', name='Scheherazade', style='normal', variant='normal', weight=700, stretch='normal', size='scalable')) = 10.335
2026-05-22 12:59:34,861 [DEBUG] matplotlib.font_manager: findfont: score(FontEntry(fname='C:\\Users\\Александр\\AppData\\Local\\Microsoft\\Windows\\Fonts\\fontawesome5-brands-webfont-5.15.4.ttf', name='Font Awesome 5 Brands', style='normal', variant='normal', weight=400, stretch='normal', size='scalable')) = 10.05
2026-05-22 12:59:34,861 [DEBUG] matplotlib.font_manager: findfont: score(FontEntry(fname='C:\\Windows\\Fonts\\NotoSansArabicUI-Regular.ttf', name='Noto Sans Arabic UI', style='normal', variant='normal', weight=400, stretch='normal', size='scalable')) = 10.05
2026-05-22 12:59:34,861 [DEBUG] matplotlib.font_manager: findfont: score(FontEntry(fname='C:\\Windows\\Fonts\\REFSPCL.TTF', name='MS Reference Specialty', style='normal', variant='normal', weight=400, stretch='normal', size='scalable')) = 10.05
2026-05-22 12:59:34,861 [DEBUG] matplotlib.font_manager: findfont: score(FontEntry(fname='C:\\Windows\\Fonts\\NotoSerif-CondensedBold.ttf', name='Noto Serif', style='normal', variant='normal', weight=700, stretch='condensed', size='scalable')) = 10.535
2026-05-22 12:59:34,861 [DEBUG] matplotlib.font_manager: findfont: score(FontEntry(fname='C:\\Windows\\Fonts\\SourceSansPro-ExtraLight.ttf', name='Source Sans Pro', style='normal', variant='normal', weight=200, stretch='normal', size='scalable')) = 10.24
2026-05-22 12:59:34,861 [DEBUG] matplotlib.font_manager: findfont: score(FontEntry(fname='C:\\Windows\\Fonts\\KacstBook.ttf', name='KacstBook', style='normal', variant='normal', weight=500, stretch='normal', size='scalable')) = 10.145
2026-05-22 12:59:34,861 [DEBUG] matplotlib.font_manager: findfont: score(FontEntry(fname='C:\\Windows\\Fonts\\seguihis.ttf', name='Segoe UI Historic', style='normal', variant='normal', weight=400, stretch='normal', size='scalable')) = 10.05
2026-05-22 12:59:34,861 [DEBUG] matplotlib.font_manager: findfont: score(FontEntry(fname='C:\\Windows\\Fonts\\LiberationSerif-Bold.ttf', name='Liberation Serif', style='normal', variant='normal', weight=700, stretch='normal', size='scalable')) = 10.335
2026-05-22 12:59:34,862 [DEBUG] matplotlib.font_manager: findfont: score(FontEntry(fname='C:\\Windows\\Fonts\\swisot1.ttf', name='SWIsot1', style='normal', variant='normal', weight=400, stretch='normal', size='scalable')) = 10.05
2026-05-22 12:59:34,862 [DEBUG] matplotlib.font_manager: findfont: score(FontEntry(fname='C:\\Windows\\Fonts\\courbd.ttf', name='Courier New', style='normal', variant='normal', weight=700, stretch='normal', size='scalable')) = 10.335
2026-05-22 12:59:34,862 [DEBUG] matplotlib.font_manager: findfont: score(FontEntry(fname='C:\\Windows\\Fonts\\BOOKOSB.TTF', name='Bookman Old Style', style='normal', variant='normal', weight=600, stretch='normal', size='scalable')) = 10.24
2026-05-22 12:59:34,862 [DEBUG] matplotlib.font_manager: findfont: score(FontEntry(fname='C:\\Windows\\Fonts\\SourceSerifPro-Black.ttf', name='Source Serif Pro', style='normal', variant='normal', weight=900, stretch='normal', size='scalable')) = 10.525
2026-05-22 12:59:34,862 [DEBUG] matplotlib.font_manager: findfont: score(FontEntry(fname='C:\\Windows\\Fonts\\LeelaUIb.ttf', name='Leelawadee UI', style='normal', variant='normal', weight=700, stretch='normal', size='scalable')) = 10.335
2026-05-22 12:59:34,862 [DEBUG] matplotlib.font_manager: findfont: score(FontEntry(fname='C:\\Windows\\Fonts\\SitkaB.ttc', name='Sitka Small', style='normal', variant='normal', weight=700, stretch='normal', size='scalable')) = 10.335
2026-05-22 12:59:34,862 [DEBUG] matplotlib.font_manager: findfont: score(FontEntry(fname='C:\\Program Files\\SOLIDWORKS Corp\\SOLIDWORKS Visualize\\Plugins\\sp.x\\resources\\fonts\\extrafiles\\TrueType\\SymbP.ttf', name='SymbolProp BT', style='normal', variant='normal', weight=400, stretch='normal', size='scalable')) = 10.05
2026-05-22 12:59:34,862 [DEBUG] matplotlib.font_manager: findfont: score(FontEntry(fname='C:\\Windows\\Fonts\\comici.ttf', name='Comic Sans MS', style='italic', variant='normal', weight=400, stretch='normal', size='scalable')) = 11.05
2026-05-22 12:59:34,862 [DEBUG] matplotlib.font_manager: findfont: score(FontEntry(fname='C:\\Windows\\Fonts\\LHANDW.TTF', name='Lucida Handwriting', style='italic', variant='normal', weight=400, stretch='normal', size='scalable')) = 11.05
2026-05-22 12:59:34,862 [DEBUG] matplotlib.font_manager: findfont: score(FontEntry(fname='C:\\Windows\\Fonts\\mmrtextb.ttf', name='Myanmar Text', style='normal', variant='normal', weight=700, stretch='normal', size='scalable')) = 10.335
2026-05-22 12:59:34,862 [DEBUG] matplotlib.font_manager: findfont: score(FontEntry(fname='C:\\Windows\\Fonts\\SourceCodePro-LightIt.ttf', name='Source Code Pro', style='italic', variant='normal', weight=300, stretch='normal', size='scalable')) = 11.145
2026-05-22 12:59:34,862 [DEBUG] matplotlib.font_manager: findfont: score(FontEntry(fname='C:\\Windows\\Fonts\\Gothic.ttf', name='Century Gothic', style='normal', variant='normal', weight=400, stretch='normal', size='scalable')) = 10.05
2026-05-22 12:59:34,862 [DEBUG] matplotlib.font_manager: findfont: score(FontEntry(fname='C:\\Windows\\Fonts\\NotoNaskhArabicUI-Bold.ttf', name='Noto Naskh Arabic UI', style='normal', variant='normal', weight=700, stretch='normal', size='scalable')) = 10.335
2026-05-22 12:59:34,862 [DEBUG] matplotlib.font_manager: findfont: score(FontEntry(fname='C:\\Windows\\Fonts\\NotoSerifHebrew-Regular.ttf', name='Noto Serif Hebrew', style='normal', variant='normal', weight=400, stretch='normal', size='scalable')) = 10.05
2026-05-22 12:59:34,862 [DEBUG] matplotlib.font_manager: findfont: score(FontEntry(fname='C:\\Windows\\Fonts\\MiriamMonoCLM-Bold.ttf', name='Miriam Mono CLM', style='normal', variant='normal', weight=700, stretch='normal', size='scalable')) = 10.335
2026-05-22 12:59:34,862 [DEBUG] matplotlib.font_manager: findfont: score(FontEntry(fname='C:\\Windows\\Fonts\\SourceCodePro-MediumIt.ttf', name='Source Code Pro', style='italic', variant='normal', weight=500, stretch='normal', size='scalable')) = 11.145
2026-05-22 12:59:34,862 [DEBUG] matplotlib.font_manager: findfont: score(FontEntry(fname='C:\\Windows\\Fonts\\msyh.ttc', name='Microsoft YaHei', style='normal', variant='normal', weight=400, stretch='normal', size='scalable')) = 10.05
2026-05-22 12:59:34,863 [DEBUG] matplotlib.font_manager: findfont: score(FontEntry(fname='C:\\Windows\\Fonts\\SourceSerifPro-LightIt.ttf', name='Source Serif Pro', style='italic', variant='normal', weight=300, stretch='normal', size='scalable')) = 11.145
2026-05-22 12:59:34,863 [DEBUG] matplotlib.font_manager: findfont: score(FontEntry(fname='C:\\Windows\\Fonts\\LiberationSansNarrow-Regular.ttf', name='Liberation Sans Narrow', style='normal', variant='normal', weight=400, stretch='condensed', size='scalable')) = 10.25
2026-05-22 12:59:34,863 [DEBUG] matplotlib.font_manager: findfont: score(FontEntry(fname='C:\\Windows\\Fonts\\DejaVuSans-Oblique.ttf', name='DejaVu Sans', style='oblique', variant='normal', weight=400, stretch='normal', size='scalable')) = 1.05
2026-05-22 12:59:34,863 [DEBUG] matplotlib.font_manager: findfont: score(FontEntry(fname='C:\\Windows\\Fonts\\LinBiolinum_RI_G.ttf', name='Linux Biolinum G', style='italic', variant='normal', weight=400, stretch='normal', size='scalable')) = 11.05
2026-05-22 12:59:34,863 [DEBUG] matplotlib.font_manager: findfont: score(FontEntry(fname='C:\\Windows\\Fonts\\cambria.ttc', name='Cambria', style='normal', variant='normal', weight=400, stretch='normal', size='scalable')) = 10.05
2026-05-22 12:59:34,863 [DEBUG] matplotlib.font_manager: findfont: score(FontEntry(fname='C:\\Windows\\Fonts\\arialbi.ttf', name='Arial', style='italic', variant='normal', weight=700, stretch='normal', size='scalable')) = 7.698636363636363
2026-05-22 12:59:34,863 [DEBUG] matplotlib.font_manager: findfont: score(FontEntry(fname='C:\\Windows\\Fonts\\swgrekc.ttf', name='SWGrekc', style='normal', variant='normal', weight=400, stretch='normal', size='scalable')) = 10.05
2026-05-22 12:59:34,863 [DEBUG] matplotlib.font_manager: findfont: score(FontEntry(fname='C:\\Users\\Александр\\AppData\\Local\\Microsoft\\Windows\\Fonts\\fontawesome5-regular-webfont-5.15.4.ttf', name='Font Awesome 5 Free Regular', style='normal', variant='normal', weight=400, stretch='normal', size='scalable')) = 10.05
2026-05-22 12:59:34,863 [DEBUG] matplotlib.font_manager: findfont: score(FontEntry(fname='C:\\Windows\\Fonts\\FrankRuehlCLM-Bold.ttf', name='Frank Ruehl CLM', style='normal', variant='normal', weight=700, stretch='normal', size='scalable')) = 10.335
2026-05-22 12:59:34,863 [DEBUG] matplotlib.font_manager: findfont: score(FontEntry(fname='C:\\Windows\\Fonts\\DejaVuSansCondensed-BoldOblique.ttf', name='DejaVu Sans', style='oblique', variant='normal', weight=700, stretch='condensed', size='scalable')) = 1.535
2026-05-22 12:59:34,863 [DEBUG] matplotlib.font_manager: findfont: score(FontEntry(fname='C:\\Program Files\\SOLIDWORKS Corp\\SOLIDWORKS Visualize\\Plugins\\sp.x\\resources\\fonts\\extrafiles\\TrueType\\SymbC.ttf', name='CATIA Symbols', style='normal', variant='normal', weight=400, stretch='normal', size='scalable')) = 10.05
2026-05-22 12:59:34,863 [DEBUG] matplotlib.font_manager: findfont: score(FontEntry(fname='C:\\Windows\\Fonts\\malgunbd.ttf', name='Malgun Gothic', style='normal', variant='normal', weight=700, stretch='normal', size='scalable')) = 10.335
2026-05-22 12:59:34,863 [DEBUG] matplotlib.font_manager: findfont: score(FontEntry(fname='C:\\Windows\\Fonts\\eufrakb.ttf', name='Euclid Fraktur', style='normal', variant='normal', weight=700, stretch='normal', size='scalable')) = 10.335
2026-05-22 12:59:34,863 [DEBUG] matplotlib.font_manager: findfont: score(FontEntry(fname='C:\\Windows\\Fonts\\SourceSansPro-BlackIt.ttf', name='Source Sans Pro', style='italic', variant='normal', weight=900, stretch='normal', size='scalable')) = 11.525
2026-05-22 12:59:34,863 [DEBUG] matplotlib.font_manager: findfont: score(FontEntry(fname='C:\\Windows\\Fonts\\MiriamMonoCLM-BookOblique.ttf', name='Miriam Mono CLM', style='oblique', variant='normal', weight=400, stretch='normal', size='scalable')) = 11.05
2026-05-22 12:59:34,863 [DEBUG] matplotlib.font_manager: findfont: score(FontEntry(fname='C:\\Windows\\Fonts\\mtextra_01.ttf', name='MT Extra', style='normal', variant='normal', weight=400, stretch='normal', size='scalable')) = 10.05
2026-05-22 12:59:34,863 [DEBUG] matplotlib.font_manager: findfont: score(FontEntry(fname='C:\\Windows\\Fonts\\swmusic.ttf', name='SWMusic', style='normal', variant='normal', weight=400, stretch='normal', size='scalable')) = 10.05
2026-05-22 12:59:34,863 [DEBUG] matplotlib.font_manager: findfont: score(FontEntry(fname='C:\\Windows\\Fonts\\fences.ttf', name='Fences', style='normal', variant='normal', weight=5, stretch='normal', size='scalable')) = 10.42525
2026-05-22 12:59:34,864 [DEBUG] matplotlib.font_manager: findfont: score(FontEntry(fname='C:\\Windows\\Fonts\\Amiri-Regular.ttf', name='Amiri', style='normal', variant='normal', weight=400, stretch='normal', size='scalable')) = 10.05
2026-05-22 12:59:34,864 [DEBUG] matplotlib.font_manager: findfont: score(FontEntry(fname='C:\\Windows\\Fonts\\NotoSerif-CondensedItalic.ttf', name='Noto Serif', style='italic', variant='normal', weight=400, stretch='condensed', size='scalable')) = 11.25
2026-05-22 12:59:34,864 [DEBUG] matplotlib.font_manager: findfont: score(FontEntry(fname='C:\\Windows\\Fonts\\sylfaen.ttf', name='Sylfaen', style='normal', variant='normal', weight=400, stretch='normal', size='scalable')) = 10.05
2026-05-22 12:59:34,864 [DEBUG] matplotlib.font_manager: findfont: score(FontEntry(fname='C:\\Windows\\Fonts\\AmiriQuran.ttf', name='Amiri Quran', style='normal', variant='normal', weight=400, stretch='normal', size='scalable')) = 10.05
2026-05-22 12:59:34,864 [DEBUG] matplotlib.font_manager: findfont: score(FontEntry(fname='C:\\Windows\\Fonts\\SourceSerifPro-Light.ttf', name='Source Serif Pro', style='normal', variant='normal', weight=300, stretch='normal', size='scalable')) = 10.145
2026-05-22 12:59:34,864 [DEBUG] matplotlib.font_manager: findfont: score(FontEntry(fname='C:\\Windows\\Fonts\\swcomp.ttf', name='SWComp', style='normal', variant='normal', weight=400, stretch='normal', size='scalable')) = 10.05
2026-05-22 12:59:34,864 [DEBUG] matplotlib.font_manager: findfont: score(FontEntry(fname='C:\\Windows\\Fonts\\NotoSerifArmenian-Bold.ttf', name='Noto Serif Armenian', style='normal', variant='normal', weight=700, stretch='normal', size='scalable')) = 10.335
2026-05-22 12:59:34,864 [DEBUG] matplotlib.font_manager: findfont: score(FontEntry(fname='C:\\Windows\\Fonts\\SourceCodePro-ExtraLightIt.ttf', name='Source Code Pro', style='italic', variant='normal', weight=200, stretch='normal', size='scalable')) = 11.24
2026-05-22 12:59:34,864 [DEBUG] matplotlib.font_manager: findfont: score(FontEntry(fname='C:\\Windows\\Fonts\\NotoSansArabicUI-Bold.ttf', name='Noto Sans Arabic UI', style='normal', variant='normal', weight=700, stretch='normal', size='scalable')) = 10.335
2026-05-22 12:59:34,864 [DEBUG] matplotlib.font_manager: findfont: score(FontEntry(fname='C:\\Windows\\Fonts\\MTCORSVA.TTF', name='Monotype Corsiva', style='normal', variant='normal', weight=400, stretch='normal', size='scalable')) = 10.05
2026-05-22 12:59:34,864 [DEBUG] matplotlib.font_manager: findfont: score(FontEntry(fname='C:\\Windows\\Fonts\\NotoSerif-Regular.ttf', name='Noto Serif', style='normal', variant='normal', weight=400, stretch='normal', size='scalable')) = 10.05
2026-05-22 12:59:34,864 [DEBUG] matplotlib.font_manager: findfont: score(FontEntry(fname='C:\\Windows\\Fonts\\calibrii.ttf', name='Calibri', style='italic', variant='normal', weight=400, stretch='normal', size='scalable')) = 11.05
2026-05-22 12:59:34,864 [DEBUG] matplotlib.font_manager: findfont: score(FontEntry(fname='C:\\Windows\\Fonts\\eumat2.ttf', name='Euclid Math Two', style='normal', variant='normal', weight=400, stretch='normal', size='scalable')) = 10.05
2026-05-22 12:59:34,864 [DEBUG] matplotlib.font_manager: findfont: score(FontEntry(fname='C:\\Program Files\\SOLIDWORKS Corp\\SOLIDWORKS Visualize\\Plugins\\sp.x\\resources\\fonts\\extrafiles\\TrueType\\DutchB.ttf', name='Dutch801 Rm BT', style='normal', variant='normal', weight=700, stretch='normal', size='scalable')) = 10.335
2026-05-22 12:59:34,864 [DEBUG] matplotlib.font_manager: findfont: score(FontEntry(fname='C:\\Windows\\Fonts\\euextra.ttf', name='Euclid Extra', style='normal', variant='normal', weight=400, stretch='normal', size='scalable')) = 10.05
2026-05-22 12:59:34,864 [DEBUG] matplotlib.font_manager: findfont: score(FontEntry(fname='C:\\Program Files\\SOLIDWORKS Corp\\SOLIDWORKS Visualize\\Plugins\\sp.x\\resources\\fonts\\OpenType\\DSISO1I.otf', name='DS ISO 1', style='italic', variant='normal', weight=400, stretch='normal', size='scalable')) = 11.05
2026-05-22 12:59:34,864 [DEBUG] matplotlib.font_manager: findfont: score(FontEntry(fname='C:\\Windows\\Fonts\\swromnc.ttf', name='SWRomnc', style='normal', variant='normal', weight=400, stretch='normal', size='scalable')) = 10.05
2026-05-22 12:59:34,864 [DEBUG] matplotlib.font_manager: findfont: score(FontEntry(fname='C:\\Windows\\Fonts\\LinLibertine_RBI_G.ttf', name='Linux Libertine G', style='italic', variant='normal', weight=700, stretch='normal', size='scalable')) = 11.335
2026-05-22 12:59:34,865 [DEBUG] matplotlib.font_manager: findfont: score(FontEntry(fname='C:\\Windows\\Fonts\\SourceSansPro-Semibold.ttf', name='Source Sans Pro', style='normal', variant='normal', weight=600, stretch='normal', size='scalable')) = 10.24
2026-05-22 12:59:34,865 [DEBUG] matplotlib.font_manager: findfont: score(FontEntry(fname='C:\\Windows\\Fonts\\SourceCodePro-Semibold.ttf', name='Source Code Pro', style='normal', variant='normal', weight=600, stretch='normal', size='scalable')) = 10.24
2026-05-22 12:59:34,865 [DEBUG] matplotlib.font_manager: findfont: score(FontEntry(fname='C:\\Windows\\Fonts\\segoeuib.ttf', name='Segoe UI', style='normal', variant='normal', weight=700, stretch='normal', size='scalable')) = 10.335
2026-05-22 12:59:34,865 [DEBUG] matplotlib.font_manager: findfont: score(FontEntry(fname='C:\\Windows\\Fonts\\swromnd.ttf', name='SWRomnd', style='normal', variant='normal', weight=400, stretch='normal', size='scalable')) = 10.05
2026-05-22 12:59:34,865 [DEBUG] matplotlib.font_manager: findfont: score(FontEntry(fname='C:\\Windows\\Fonts\\segoescb.ttf', name='Segoe Script', style='normal', variant='normal', weight=700, stretch='normal', size='scalable')) = 10.335
2026-05-22 12:59:34,865 [DEBUG] matplotlib.font_manager: findfont: score(FontEntry(fname='C:\\Windows\\Fonts\\corbell.ttf', name='Corbel', style='normal', variant='normal', weight=300, stretch='normal', size='scalable')) = 10.145
2026-05-22 12:59:34,865 [DEBUG] matplotlib.font_manager: findfont: score(FontEntry(fname='C:\\Windows\\Fonts\\Candarab.ttf', name='Candara', style='normal', variant='normal', weight=700, stretch='normal', size='scalable')) = 10.335
2026-05-22 12:59:34,865 [DEBUG] matplotlib.font_manager: findfont: score(FontEntry(fname='C:\\Windows\\Fonts\\Inkfree.ttf', name='Ink Free', style='normal', variant='normal', weight=400, stretch='normal', size='scalable')) = 10.05
2026-05-22 12:59:34,865 [DEBUG] matplotlib.font_manager: findfont: score(FontEntry(fname='C:\\Windows\\Fonts\\DejaVuSerifCondensed-Bold.ttf', name='DejaVu Serif', style='normal', variant='normal', weight=700, stretch='condensed', size='scalable')) = 10.535
2026-05-22 12:59:34,865 [DEBUG] matplotlib.font_manager: findfont: score(FontEntry(fname='C:\\Windows\\Fonts\\swmeteo.ttf', name='SWMeteo', style='normal', variant='normal', weight=400, stretch='normal', size='scalable')) = 10.05
2026-05-22 12:59:34,865 [DEBUG] matplotlib.font_manager: findfont: score(FontEntry(fname='C:\\Windows\\Fonts\\NotoSerifArmenian-Regular.ttf', name='Noto Serif Armenian', style='normal', variant='normal', weight=400, stretch='normal', size='scalable')) = 10.05
2026-05-22 12:59:34,865 [DEBUG] matplotlib.font_manager: findfont: score(FontEntry(fname='C:\\Windows\\Fonts\\NirmalaS.ttf', name='Nirmala UI', style='normal', variant='normal', weight=350, stretch='normal', size='scalable')) = 10.0975
2026-05-22 12:59:34,865 [DEBUG] matplotlib.font_manager: findfont: score(FontEntry(fname='C:\\Program Files\\SOLIDWORKS Corp\\SOLIDWORKS\\HoopsPublish\\resource\\Font\\kozgopr6n-medium.otf', name='Kozuka Gothic Pr6N', style='normal', variant='normal', weight=500, stretch='normal', size='scalable')) = 10.145
2026-05-22 12:59:34,865 [DEBUG] matplotlib.font_manager: findfont: score(FontEntry(fname='C:\\Windows\\Fonts\\mvboli.ttf', name='MV Boli', style='normal', variant='normal', weight=400, stretch='normal', size='scalable')) = 10.05
2026-05-22 12:59:34,865 [DEBUG] matplotlib.font_manager: findfont: score(FontEntry(fname='C:\\Windows\\Fonts\\DejaVuSans-ExtraLight.ttf', name='DejaVu Sans', style='normal', variant='normal', weight=200, stretch='normal', size='scalable')) = 0.24
2026-05-22 12:59:34,865 [DEBUG] matplotlib.font_manager: findfont: score(FontEntry(fname='C:\\Windows\\Fonts\\ebrima.ttf', name='Ebrima', style='normal', variant='normal', weight=400, stretch='normal', size='scalable')) = 10.05
2026-05-22 12:59:34,865 [DEBUG] matplotlib.font_manager: findfont: score(FontEntry(fname='C:\\Windows\\Fonts\\DavidLibre-Bold.ttf', name='David Libre', style='normal', variant='normal', weight=700, stretch='normal', size='scalable')) = 10.335
2026-05-22 12:59:34,865 [DEBUG] matplotlib.font_manager: findfont: score(FontEntry(fname='C:\\Windows\\Fonts\\SourceCodePro-ExtraLight.ttf', name='Source Code Pro', style='normal', variant='normal', weight=200, stretch='normal', size='scalable')) = 10.24
2026-05-22 12:59:34,866 [DEBUG] matplotlib.font_manager: findfont: score(FontEntry(fname='C:\\Windows\\Fonts\\wingding.ttf', name='Wingdings', style='normal', variant='normal', weight=400, stretch='normal', size='scalable')) = 10.05
2026-05-22 12:59:34,866 [DEBUG] matplotlib.font_manager: findfont: score(FontEntry(fname='C:\\Windows\\Fonts\\FrankRuehlCLM-Medium.ttf', name='Frank Ruehl CLM', style='normal', variant='normal', weight=500, stretch='normal', size='scalable')) = 10.145
2026-05-22 12:59:34,866 [DEBUG] matplotlib.font_manager: findfont: score(FontEntry(fname='C:\\Windows\\Fonts\\LiberationSans-Bold.ttf', name='Liberation Sans', style='normal', variant='normal', weight=700, stretch='normal', size='scalable')) = 10.335
2026-05-22 12:59:34,866 [DEBUG] matplotlib.font_manager: findfont: score(FontEntry(fname='C:\\Windows\\Fonts\\NachlieliCLM-Bold.otf', name='Nachlieli CLM', style='normal', variant='normal', weight=600, stretch='normal', size='scalable')) = 10.24
2026-05-22 12:59:34,866 [DEBUG] matplotlib.font_manager: findfont: score(FontEntry(fname='C:\\Windows\\Fonts\\WINGDNG3.TTF', name='Wingdings 3', style='normal', variant='normal', weight=400, stretch='normal', size='scalable')) = 10.05
2026-05-22 12:59:34,866 [DEBUG] matplotlib.font_manager: findfont: score(FontEntry(fname='C:\\Windows\\Fonts\\Candaraz.ttf', name='Candara', style='italic', variant='normal', weight=700, stretch='normal', size='scalable')) = 11.335
2026-05-22 12:59:34,866 [DEBUG] matplotlib.font_manager: findfont: score(FontEntry(fname='C:\\Windows\\Fonts\\eumat1.ttf', name='Euclid Math One', style='normal', variant='normal', weight=400, stretch='normal', size='scalable')) = 10.05
2026-05-22 12:59:34,866 [DEBUG] matplotlib.font_manager: findfont: score(FontEntry(fname='C:\\Windows\\Fonts\\BOOKOS.TTF', name='Bookman Old Style', style='normal', variant='normal', weight=300, stretch='normal', size='scalable')) = 10.145
2026-05-22 12:59:34,866 [DEBUG] matplotlib.font_manager: findfont: score(FontEntry(fname='C:\\Windows\\Fonts\\corbelb.ttf', name='Corbel', style='normal', variant='normal', weight=700, stretch='normal', size='scalable')) = 10.335
2026-05-22 12:59:34,866 [DEBUG] matplotlib.font_manager: findfont: score(FontEntry(fname='C:\\Windows\\Fonts\\FrankRuehlCLM-MediumOblique.ttf', name='Frank Ruehl CLM', style='oblique', variant='normal', weight=500, stretch='normal', size='scalable')) = 11.145
2026-05-22 12:59:34,866 [DEBUG] matplotlib.font_manager: findfont: score(FontEntry(fname='C:\\Windows\\Fonts\\SourceSerifPro-BoldIt.ttf', name='Source Serif Pro', style='italic', variant='normal', weight=700, stretch='normal', size='scalable')) = 11.335
2026-05-22 12:59:34,866 [DEBUG] matplotlib.font_manager: findfont: score(FontEntry(fname='C:\\Windows\\Fonts\\timesi.ttf', name='Times New Roman', style='italic', variant='normal', weight=400, stretch='normal', size='scalable')) = 11.05
2026-05-22 12:59:34,866 [DEBUG] matplotlib.font_manager: findfont: score(FontEntry(fname='C:\\Users\\Александр\\AppData\\Local\\Microsoft\\Windows\\Fonts\\materialdesignicons6-webfont-6.9.96.ttf', name='Material Design Icons', style='normal', variant='normal', weight=400, stretch='normal', size='scalable')) = 10.05
2026-05-22 12:59:34,866 [DEBUG] matplotlib.font_manager: findfont: score(FontEntry(fname='C:\\Windows\\Fonts\\FRSCRIPT.TTF', name='French Script MT', style='normal', variant='normal', weight=400, stretch='normal', size='scalable')) = 10.05
2026-05-22 12:59:34,866 [DEBUG] matplotlib.font_manager: findfont: score(FontEntry(fname='C:\\Windows\\Fonts\\REFSAN.TTF', name='MS Reference Sans Serif', style='normal', variant='normal', weight=400, stretch='normal', size='scalable')) = 10.05
2026-05-22 12:59:34,866 [DEBUG] matplotlib.font_manager: findfont: score(FontEntry(fname='C:\\Windows\\Fonts\\timesbd.ttf', name='Times New Roman', style='normal', variant='normal', weight=700, stretch='normal', size='scalable')) = 10.335
2026-05-22 12:59:34,866 [DEBUG] matplotlib.font_manager: findfont: score(FontEntry(fname='C:\\Windows\\Fonts\\calibrib.ttf', name='Calibri', style='normal', variant='normal', weight=700, stretch='normal', size='scalable')) = 10.335
2026-05-22 12:59:34,866 [DEBUG] matplotlib.font_manager: findfont: score(FontEntry(fname='C:\\Windows\\Fonts\\swromnt.ttf', name='SWRomnt', style='normal', variant='normal', weight=400, stretch='normal', size='scalable')) = 10.05
2026-05-22 12:59:34,867 [DEBUG] matplotlib.font_manager: findfont: score(FontEntry(fname='C:\\Program Files\\SOLIDWORKS Corp\\SOLIDWORKS Visualize\\Plugins\\sp.x\\resources\\fonts\\extrafiles\\TrueType\\SwiOuB.ttf', name='Swis721 BdOul BT', style='normal', variant='normal', weight=400, stretch='normal', size='scalable')) = 10.05
2026-05-22 12:59:34,867 [DEBUG] matplotlib.font_manager: findfont: score(FontEntry(fname='C:\\Windows\\Fonts\\arialbd.ttf', name='Arial', style='normal', variant='normal', weight=700, stretch='normal', size='scalable')) = 6.698636363636363
2026-05-22 12:59:34,867 [DEBUG] matplotlib.font_manager: findfont: score(FontEntry(fname='C:\\Windows\\Fonts\\opens___.ttf', name='OpenSymbol', style='normal', variant='normal', weight=400, stretch='normal', size='scalable')) = 10.05
2026-05-22 12:59:34,867 [DEBUG] matplotlib.font_manager: findfont: score(FontEntry(fname='C:\\Program Files\\SOLIDWORKS Corp\\SOLIDWORKS Visualize\\Plugins\\sp.x\\resources\\fonts\\extrafiles\\TrueType\\Swiss.ttf', name='Swis721 BT', style='normal', variant='normal', weight=400, stretch='normal', size='scalable')) = 10.05
2026-05-22 12:59:34,867 [DEBUG] matplotlib.font_manager: findfont: score(FontEntry(fname='C:\\Windows\\Fonts\\msjhl.ttc', name='Microsoft JhengHei', style='normal', variant='normal', weight=290, stretch='normal', size='scalable')) = 10.1545
2026-05-22 12:59:34,867 [DEBUG] matplotlib.font_manager: findfont: score(FontEntry(fname='C:\\Windows\\Fonts\\georgia.ttf', name='Georgia', style='normal', variant='normal', weight=400, stretch='normal', size='scalable')) = 10.05
2026-05-22 12:59:34,867 [DEBUG] matplotlib.font_manager: findfont: score(FontEntry(fname='C:\\Windows\\Fonts\\seguisbi.ttf', name='Segoe UI', style='italic', variant='normal', weight=600, stretch='normal', size='scalable')) = 11.24
2026-05-22 12:59:34,867 [DEBUG] matplotlib.font_manager: findfont: score(FontEntry(fname='C:\\Windows\\Fonts\\gadugib.ttf', name='Gadugi', style='normal', variant='normal', weight=700, stretch='normal', size='scalable')) = 10.335
2026-05-22 12:59:34,867 [DEBUG] matplotlib.font_manager: findfont: score(FontEntry(fname='C:\\Windows\\Fonts\\NotoSansLisu-Regular.ttf', name='Noto Sans Lisu', style='normal', variant='normal', weight=400, stretch='normal', size='scalable')) = 10.05
2026-05-22 12:59:34,867 [DEBUG] matplotlib.font_manager: findfont: score(FontEntry(fname='C:\\Windows\\Fonts\\seguisym.ttf', name='Segoe UI Symbol', style='normal', variant='normal', weight=400, stretch='normal', size='scalable')) = 10.05
2026-05-22 12:59:34,867 [DEBUG] matplotlib.font_manager: findfont: score(FontEntry(fname='C:\\Program Files\\SOLIDWORKS Corp\\SOLIDWORKS\\HoopsPublish\\resource\\Font\\adobemyungjostd-medium.otf', name='Adobe Myungjo Std', style='normal', variant='normal', weight=500, stretch='normal', size='scalable')) = 10.145
2026-05-22 12:59:34,867 [DEBUG] matplotlib.font_manager: findfont: score(FontEntry(fname='C:\\Windows\\Fonts\\ARIALNBI.TTF', name='Arial', style='italic', variant='normal', weight=700, stretch='condensed', size='scalable')) = 7.8986363636363635
2026-05-22 12:59:34,867 [DEBUG] matplotlib.font_manager: findfont: score(FontEntry(fname='C:\\Windows\\Fonts\\swlink.ttf', name='SWLink', style='normal', variant='normal', weight=400, stretch='normal', size='scalable')) = 10.05
2026-05-22 12:59:34,867 [DEBUG] matplotlib.font_manager: findfont: score(FontEntry(fname='C:\\Program Files\\SOLIDWORKS Corp\\SOLIDWORKS Visualize\\Plugins\\sp.x\\resources\\fonts\\OpenType\\DSISO1BI.otf', name='DS ISO 1', style='italic', variant='normal', weight=700, stretch='normal', size='scalable')) = 11.335
2026-05-22 12:59:34,867 [DEBUG] matplotlib.font_manager: findfont: score(FontEntry(fname='C:\\Windows\\Fonts\\NotoSansHebrew-Regular.ttf', name='Noto Sans Hebrew', style='normal', variant='normal', weight=400, stretch='normal', size='scalable')) = 10.05
2026-05-22 12:59:34,867 [DEBUG] matplotlib.font_manager: findfont: score(FontEntry(fname='C:\\Windows\\Fonts\\seguisb.ttf', name='Segoe UI', style='normal', variant='normal', weight=600, stretch='normal', size='scalable')) = 10.24
2026-05-22 12:59:34,867 [DEBUG] matplotlib.font_manager: findfont: score(FontEntry(fname='C:\\Windows\\Fonts\\LiberationSans-BoldItalic.ttf', name='Liberation Sans', style='italic', variant='normal', weight=700, stretch='normal', size='scalable')) = 11.335
2026-05-22 12:59:34,867 [DEBUG] matplotlib.font_manager: findfont: score(FontEntry(fname='C:\\Windows\\Fonts\\NachlieliCLM-BoldOblique.otf', name='Nachlieli CLM', style='oblique', variant='normal', weight=600, stretch='normal', size='scalable')) = 11.24
2026-05-22 12:59:34,868 [DEBUG] matplotlib.font_manager: findfont: score(FontEntry(fname='C:\\Windows\\Fonts\\NachlieliCLM-LightOblique.otf', name='Nachlieli CLM', style='oblique', variant='normal', weight=300, stretch='normal', size='scalable')) = 11.145
2026-05-22 12:59:34,868 [DEBUG] matplotlib.font_manager: findfont: score(FontEntry(fname='C:\\Windows\\Fonts\\DUBAI-REGULAR.TTF', name='Dubai', style='normal', variant='normal', weight=400, stretch='normal', size='scalable')) = 10.05
2026-05-22 12:59:34,868 [DEBUG] matplotlib.font_manager: findfont: score(FontEntry(fname='C:\\Windows\\Fonts\\swgdt.ttf', name='SWGDT', style='normal', variant='normal', weight=400, stretch='normal', size='scalable')) = 10.05
2026-05-22 12:59:34,868 [DEBUG] matplotlib.font_manager: findfont: score(FontEntry(fname='C:\\Windows\\Fonts\\SourceSansPro-It.ttf', name='Source Sans Pro', style='italic', variant='normal', weight=400, stretch='normal', size='scalable')) = 11.05
2026-05-22 12:59:34,868 [DEBUG] matplotlib.font_manager: findfont: score(FontEntry(fname='C:\\Windows\\Fonts\\SourceCodePro-Light.ttf', name='Source Code Pro', style='normal', variant='normal', weight=300, stretch='normal', size='scalable')) = 10.145
2026-05-22 12:59:34,868 [DEBUG] matplotlib.font_manager: findfont: score(FontEntry(fname='C:\\Windows\\Fonts\\DejaVuSerif-BoldItalic.ttf', name='DejaVu Serif', style='italic', variant='normal', weight=700, stretch='normal', size='scalable')) = 11.335
2026-05-22 12:59:34,868 [DEBUG] matplotlib.font_manager: findfont: score(FontEntry(fname='C:\\Windows\\Fonts\\Nirmala.ttf', name='Nirmala UI', style='normal', variant='normal', weight=400, stretch='normal', size='scalable')) = 10.05
2026-05-22 12:59:34,868 [DEBUG] matplotlib.font_manager: findfont: score(FontEntry(fname='C:\\Windows\\Fonts\\DUBAI-MEDIUM.TTF', name='Dubai', style='normal', variant='normal', weight=500, stretch='normal', size='scalable')) = 10.145
2026-05-22 12:59:34,868 [DEBUG] matplotlib.font_manager: findfont: score(FontEntry(fname='C:\\Windows\\Fonts\\Symbol Tiger.ttf', name='Symbol Tiger', style='normal', variant='normal', weight=400, stretch='normal', size='scalable')) = 10.05
2026-05-22 12:59:34,868 [DEBUG] matplotlib.font_manager: findfont: score(FontEntry(fname='C:\\Users\\Александр\\AppData\\Local\\Microsoft\\Windows\\Fonts\\elusiveicons-webfont-2.0.ttf', name='elusiveicons', style='normal', variant='normal', weight=500, stretch='normal', size='scalable')) = 10.145
2026-05-22 12:59:34,868 [DEBUG] matplotlib.font_manager: findfont: score(FontEntry(fname='C:\\Windows\\Fonts\\seguibl.ttf', name='Segoe UI', style='normal', variant='normal', weight=900, stretch='normal', size='scalable')) = 10.525
2026-05-22 12:59:34,868 [DEBUG] matplotlib.font_manager: findfont: score(FontEntry(fname='C:\\Windows\\Fonts\\corbeli.ttf', name='Corbel', style='italic', variant='normal', weight=400, stretch='normal', size='scalable')) = 11.05
2026-05-22 12:59:34,868 [DEBUG] matplotlib.font_manager: findfont: score(FontEntry(fname='C:\\Windows\\Fonts\\javatext.ttf', name='Javanese Text', style='normal', variant='normal', weight=400, stretch='normal', size='scalable')) = 10.05
2026-05-22 12:59:34,868 [DEBUG] matplotlib.font_manager: findfont: score(FontEntry(fname='C:\\Windows\\Fonts\\NotoSans-CondensedItalic.ttf', name='Noto Sans', style='italic', variant='normal', weight=400, stretch='condensed', size='scalable')) = 11.25
2026-05-22 12:59:34,868 [DEBUG] matplotlib.font_manager: findfont: score(FontEntry(fname='C:\\Windows\\Fonts\\NotoSerif-LightItalic.ttf', name='Noto Serif', style='italic', variant='normal', weight=300, stretch='normal', size='scalable')) = 11.145
2026-05-22 12:59:34,868 [DEBUG] matplotlib.font_manager: findfont: score(FontEntry(fname='C:\\Windows\\Fonts\\segoeprb.ttf', name='Segoe Print', style='normal', variant='normal', weight=700, stretch='normal', size='scalable')) = 10.335
2026-05-22 12:59:34,868 [DEBUG] matplotlib.font_manager: findfont: score(FontEntry(fname='C:\\Windows\\Fonts\\NachlieliCLM-Light.otf', name='Nachlieli CLM', style='normal', variant='normal', weight=300, stretch='normal', size='scalable')) = 10.145
2026-05-22 12:59:34,868 [DEBUG] matplotlib.font_manager: findfont: score(FontEntry(fname='C:\\Windows\\Fonts\\ntailu.ttf', name='Microsoft New Tai Lue', style='normal', variant='normal', weight=400, stretch='normal', size='scalable')) = 10.05
2026-05-22 12:59:34,869 [DEBUG] matplotlib.font_manager: findfont: score(FontEntry(fname='C:\\Windows\\Fonts\\NotoSerif-BoldItalic.ttf', name='Noto Serif', style='italic', variant='normal', weight=700, stretch='normal', size='scalable')) = 11.335
2026-05-22 12:59:34,869 [DEBUG] matplotlib.font_manager: findfont: score(FontEntry(fname='C:\\Windows\\Fonts\\NotoSerifGeorgian-Bold.ttf', name='Noto Serif Georgian', style='normal', variant='normal', weight=700, stretch='normal', size='scalable')) = 10.335
2026-05-22 12:59:34,869 [DEBUG] matplotlib.font_manager: findfont: score(FontEntry(fname='C:\\Program Files\\SOLIDWORKS Corp\\SOLIDWORKS\\HoopsPublish\\resource\\Font\\myriadcad.otf', name='Myriad CAD', style='normal', variant='normal', weight=250, stretch='normal', size='scalable')) = 10.1925
2026-05-22 12:59:34,869 [DEBUG] matplotlib.font_manager: findfont: score(FontEntry(fname='C:\\Windows\\Fonts\\NotoSansLao-Regular.ttf', name='Noto Sans Lao', style='normal', variant='normal', weight=400, stretch='normal', size='scalable')) = 10.05
2026-05-22 12:59:34,869 [DEBUG] matplotlib.font_manager: findfont: score(FontEntry(fname='C:\\Program Files\\SOLIDWORKS Corp\\SOLIDWORKS Visualize\\Plugins\\sp.x\\resources\\fonts\\TrueType\\3ds Bold Italic.ttf', name='3ds', style='italic', variant='normal', weight=700, stretch='normal', size='scalable')) = 11.335
2026-05-22 12:59:34,869 [DEBUG] matplotlib.font_manager: findfont: score(FontEntry(fname='C:\\Windows\\Fonts\\LinLibertine_DR_G.ttf', name='Linux Libertine Display G', style='normal', variant='normal', weight=400, stretch='normal', size='scalable')) = 10.05
2026-05-22 12:59:34,869 [DEBUG] matplotlib.font_manager: findfont: score(FontEntry(fname='C:\\Windows\\Fonts\\palai.ttf', name='Palatino Linotype', style='italic', variant='normal', weight=400, stretch='normal', size='scalable')) = 11.05
2026-05-22 12:59:34,869 [DEBUG] matplotlib.font_manager: findfont: score(FontEntry(fname='C:\\Windows\\Fonts\\GOTHICB.TTF', name='Century Gothic', style='normal', variant='normal', weight=700, stretch='normal', size='scalable')) = 10.335
2026-05-22 12:59:34,869 [DEBUG] matplotlib.font_manager: findfont: score(FontEntry(fname='C:\\Windows\\Fonts\\swgreks.ttf', name='SWGreks', style='normal', variant='normal', weight=400, stretch='normal', size='scalable')) = 10.05
2026-05-22 12:59:34,869 [DEBUG] matplotlib.font_manager: findfont: score(FontEntry(fname='C:\\Windows\\Fonts\\MiriamLibre-Regular.otf', name='Miriam Libre', style='normal', variant='normal', weight=400, stretch='normal', size='scalable')) = 10.05
2026-05-22 12:59:34,869 [DEBUG] matplotlib.font_manager: findfont: score(FontEntry(fname='C:\\Windows\\Fonts\\switalc.ttf', name='SWItalc', style='normal', variant='normal', weight=400, stretch='normal', size='scalable')) = 10.05
2026-05-22 12:59:34,869 [DEBUG] matplotlib.font_manager: findfont: score(FontEntry(fname='C:\\Windows\\Fonts\\NotoSerif-Bold.ttf', name='Noto Serif', style='normal', variant='normal', weight=700, stretch='normal', size='scalable')) = 10.335
2026-05-22 12:59:34,869 [DEBUG] matplotlib.font_manager: findfont: score(FontEntry(fname='C:\\Windows\\Fonts\\Caladea-Bold.ttf', name='Caladea', style='normal', variant='normal', weight=700, stretch='normal', size='scalable')) = 10.335
2026-05-22 12:59:34,869 [DEBUG] matplotlib.font_manager: findfont: score(FontEntry(fname='C:\\Windows\\Fonts\\ITCKRIST.TTF', name='Kristen ITC', style='normal', variant='normal', weight=400, stretch='normal', size='scalable')) = 10.05
2026-05-22 12:59:34,869 [DEBUG] matplotlib.font_manager: findfont: score(FontEntry(fname='C:\\Windows\\Fonts\\LinLibertine_RB_G.ttf', name='Linux Libertine G', style='normal', variant='normal', weight=700, stretch='normal', size='scalable')) = 10.335
2026-05-22 12:59:34,869 [DEBUG] matplotlib.font_manager: findfont: score(FontEntry(fname='C:\\Windows\\Fonts\\SitkaI.ttc', name='Sitka Small', style='italic', variant='normal', weight=400, stretch='normal', size='scalable')) = 11.05
2026-05-22 12:59:34,869 [DEBUG] matplotlib.font_manager: findfont: score(FontEntry(fname='C:\\Windows\\Fonts\\Carlito-Italic.ttf', name='Carlito', style='italic', variant='normal', weight=400, stretch='normal', size='scalable')) = 11.05
2026-05-22 12:59:34,869 [DEBUG] matplotlib.font_manager: findfont: score(FontEntry(fname='C:\\Windows\\Fonts\\eucsym.ttf', name='Euclid Symbol', style='normal', variant='normal', weight=400, stretch='normal', size='scalable')) = 10.05
2026-05-22 12:59:34,870 [DEBUG] matplotlib.font_manager: findfont: score(FontEntry(fname='C:\\Windows\\Fonts\\ARIALNB.TTF', name='Arial', style='normal', variant='normal', weight=700, stretch='condensed', size='scalable')) = 6.8986363636363635
2026-05-22 12:59:34,870 [DEBUG] matplotlib.font_manager: findfont: score(FontEntry(fname='C:\\Program Files\\SOLIDWORKS Corp\\SOLIDWORKS\\HoopsPublish\\resource\\Font\\courierstd-boldoblique.otf', name='Courier Std', style='oblique', variant='normal', weight=700, stretch='normal', size='scalable')) = 11.335
2026-05-22 12:59:34,870 [DEBUG] matplotlib.font_manager: findfont: score(FontEntry(fname='C:\\Windows\\Fonts\\seguibli.ttf', name='Segoe UI', style='italic', variant='normal', weight=900, stretch='normal', size='scalable')) = 11.525
2026-05-22 12:59:34,870 [DEBUG] matplotlib.font_manager: findfont: score(FontEntry(fname='C:\\Windows\\Fonts\\arial.ttf', name='Arial', style='normal', variant='normal', weight=400, stretch='normal', size='scalable')) = 6.413636363636363
2026-05-22 12:59:34,870 [DEBUG] matplotlib.font_manager: findfont: score(FontEntry(fname='C:\\Windows\\Fonts\\NotoSerif-Italic.ttf', name='Noto Serif', style='italic', variant='normal', weight=400, stretch='normal', size='scalable')) = 11.05
2026-05-22 12:59:34,870 [DEBUG] matplotlib.font_manager: findfont: score(FontEntry(fname='C:\\Windows\\Fonts\\NotoNaskhArabic-Regular.ttf', name='Noto Naskh Arabic', style='normal', variant='normal', weight=400, stretch='normal', size='scalable')) = 10.05
2026-05-22 12:59:34,870 [DEBUG] matplotlib.font_manager: findfont: score(FontEntry(fname='C:\\Windows\\Fonts\\georgiai.ttf', name='Georgia', style='italic', variant='normal', weight=400, stretch='normal', size='scalable')) = 11.05
2026-05-22 12:59:34,870 [DEBUG] matplotlib.font_manager: findfont: score(FontEntry(fname='C:\\Windows\\Fonts\\cour.ttf', name='Courier New', style='normal', variant='normal', weight=400, stretch='normal', size='scalable')) = 10.05
2026-05-22 12:59:34,870 [DEBUG] matplotlib.font_manager: findfont: score(FontEntry(fname='C:\\Windows\\Fonts\\SimsunExtG.ttf', name='SimSun-ExtG', style='normal', variant='normal', weight=400, stretch='normal', size='scalable')) = 10.05
2026-05-22 12:59:34,870 [DEBUG] matplotlib.font_manager: findfont: score(FontEntry(fname='C:\\Windows\\Fonts\\segoeuii.ttf', name='Segoe UI', style='italic', variant='normal', weight=400, stretch='normal', size='scalable')) = 11.05
2026-05-22 12:59:34,870 [DEBUG] matplotlib.font_manager: findfont: score(FontEntry(fname='C:\\Windows\\Fonts\\LiberationSansNarrow-Bold.ttf', name='Liberation Sans Narrow', style='normal', variant='normal', weight=700, stretch='condensed', size='scalable')) = 10.535
2026-05-22 12:59:34,870 [DEBUG] matplotlib.font_manager: findfont: score(FontEntry(fname='C:\\Windows\\Fonts\\Tiger Expert.ttf', name='Tiger Expert', style='normal', variant='normal', weight=400, stretch='normal', size='scalable')) = 10.05
2026-05-22 12:59:34,870 [DEBUG] matplotlib.font_manager: findfont: score(FontEntry(fname='C:\\Windows\\Fonts\\SourceSansPro-SemiboldIt.ttf', name='Source Sans Pro', style='italic', variant='normal', weight=600, stretch='normal', size='scalable')) = 11.24
2026-05-22 12:59:34,870 [DEBUG] matplotlib.font_manager: findfont: score(FontEntry(fname='C:\\Windows\\Fonts\\Amiri-BoldSlanted.ttf', name='Amiri', style='italic', variant='normal', weight=700, stretch='normal', size='scalable')) = 11.335
2026-05-22 12:59:34,870 [DEBUG] matplotlib.font_manager: findfont: score(FontEntry(fname='C:\\Windows\\Fonts\\MiriamCLM-Book.ttf', name='Miriam CLM', style='normal', variant='normal', weight=400, stretch='normal', size='scalable')) = 10.05
2026-05-22 12:59:34,870 [DEBUG] matplotlib.font_manager: findfont: score(FontEntry(fname='C:\\Windows\\Fonts\\SourceSansPro-Bold.ttf', name='Source Sans Pro', style='normal', variant='normal', weight=700, stretch='normal', size='scalable')) = 10.335
2026-05-22 12:59:34,870 [DEBUG] matplotlib.font_manager: findfont: score(FontEntry(fname='C:\\Windows\\Fonts\\NotoSansGeorgian-Regular.ttf', name='Noto Sans Georgian', style='normal', variant='normal', weight=400, stretch='normal', size='scalable')) = 10.05
2026-05-22 12:59:34,870 [DEBUG] matplotlib.font_manager: findfont: score(FontEntry(fname='C:\\Windows\\Fonts\\swscrpc.ttf', name='SWScrpc', style='normal', variant='normal', weight=400, stretch='normal', size='scalable')) = 10.05
2026-05-22 12:59:34,871 [DEBUG] matplotlib.font_manager: findfont: score(FontEntry(fname='C:\\Windows\\Fonts\\NotoSerif-Condensed.ttf', name='Noto Serif', style='normal', variant='normal', weight=400, stretch='condensed', size='scalable')) = 10.25
2026-05-22 12:59:34,871 [DEBUG] matplotlib.font_manager: findfont: score(FontEntry(fname='C:\\Windows\\Fonts\\swisop2.ttf', name='SWIsop2', style='normal', variant='normal', weight=400, stretch='normal', size='scalable')) = 10.05
2026-05-22 12:59:34,871 [DEBUG] matplotlib.font_manager: findfont: score(FontEntry(fname='C:\\Users\\Александр\\AppData\\Local\\Microsoft\\Windows\\Fonts\\fontawesome5-solid-webfont-5.15.4.ttf', name='Font Awesome 5 Free Solid', style='normal', variant='normal', weight=900, stretch='normal', size='scalable')) = 10.525
2026-05-22 12:59:34,871 [DEBUG] matplotlib.font_manager: findfont: score(FontEntry(fname='C:\\Windows\\Fonts\\NotoSansArabic-Regular.ttf', name='Noto Sans Arabic', style='normal', variant='normal', weight=400, stretch='normal', size='scalable')) = 10.05
2026-05-22 12:59:34,871 [DEBUG] matplotlib.font_manager: findfont: score(FontEntry(fname='C:\\Program Files\\SOLIDWORKS Corp\\SOLIDWORKS\\HoopsPublish\\resource\\Font\\adobeheitistd-regular.otf', name='Adobe Heiti Std', style='normal', variant='normal', weight=400, stretch='normal', size='scalable')) = 10.05
2026-05-22 12:59:34,871 [DEBUG] matplotlib.font_manager: findfont: score(FontEntry(fname='C:\\Windows\\Fonts\\trebucit.ttf', name='Trebuchet MS', style='italic', variant='normal', weight=400, stretch='normal', size='scalable')) = 11.05
2026-05-22 12:59:34,871 [DEBUG] matplotlib.font_manager: findfont: score(FontEntry(fname='C:\\Windows\\Fonts\\Alef-Regular.ttf', name='Alef', style='normal', variant='normal', weight=400, stretch='normal', size='scalable')) = 10.05
2026-05-22 12:59:34,871 [DEBUG] matplotlib.font_manager: findfont: score(FontEntry(fname='C:\\Windows\\Fonts\\seguisli.ttf', name='Segoe UI', style='italic', variant='normal', weight=350, stretch='normal', size='scalable')) = 11.0975
2026-05-22 12:59:34,871 [DEBUG] matplotlib.font_manager: findfont: score(FontEntry(fname='C:\\Windows\\Fonts\\SourceCodePro-Regular.ttf', name='Source Code Pro', style='normal', variant='normal', weight=400, stretch='normal', size='scalable')) = 10.05
2026-05-22 12:59:34,871 [DEBUG] matplotlib.font_manager: findfont: score(FontEntry(fname='C:\\Windows\\Fonts\\Alef-Bold.ttf', name='Alef', style='normal', variant='normal', weight=700, stretch='normal', size='scalable')) = 10.335
2026-05-22 12:59:34,871 [DEBUG] matplotlib.font_manager: findfont: score(FontEntry(fname='C:\\Windows\\Fonts\\OUTLOOK.TTF', name='MS Outlook', style='normal', variant='normal', weight=400, stretch='normal', size='scalable')) = 10.05
2026-05-22 12:59:34,871 [DEBUG] matplotlib.font_manager: findfont: score(FontEntry(fname='C:\\Windows\\Fonts\\verdanaz.ttf', name='Verdana', style='italic', variant='normal', weight=700, stretch='normal', size='scalable')) = 4.971363636363637
2026-05-22 12:59:34,871 [DEBUG] matplotlib.font_manager: findfont: score(FontEntry(fname='C:\\Windows\\Fonts\\consolab.ttf', name='Consolas', style='normal', variant='normal', weight=700, stretch='normal', size='scalable')) = 10.335
2026-05-22 12:59:34,871 [DEBUG] matplotlib.font_manager: findfont: score(FontEntry(fname='C:\\Windows\\Fonts\\euclid.ttf', name='Euclid', style='normal', variant='normal', weight=400, stretch='normal', size='scalable')) = 10.05
2026-05-22 12:59:34,871 [DEBUG] matplotlib.font_manager: findfont: score(FontEntry(fname='C:\\Windows\\Fonts\\verdana.ttf', name='Verdana', style='normal', variant='normal', weight=400, stretch='normal', size='scalable')) = 3.6863636363636365
2026-05-22 12:59:34,871 [DEBUG] matplotlib.font_manager: findfont: score(FontEntry(fname='C:\\Windows\\Fonts\\calibriz.ttf', name='Calibri', style='italic', variant='normal', weight=700, stretch='normal', size='scalable')) = 11.335
2026-05-22 12:59:34,871 [DEBUG] matplotlib.font_manager: findfont: score(FontEntry(fname='C:\\Windows\\Fonts\\EmojiOneColor-SVGinOT.ttf', name='EmojiOne Color', style='normal', variant='normal', weight=400, stretch='normal', size='scalable')) = 10.05
2026-05-22 12:59:34,871 [DEBUG] matplotlib.font_manager: findfont: score(FontEntry(fname='C:\\Windows\\Fonts\\DejaVuSans-BoldOblique.ttf', name='DejaVu Sans', style='oblique', variant='normal', weight=700, stretch='normal', size='scalable')) = 1.335
2026-05-22 12:59:34,872 [DEBUG] matplotlib.font_manager: findfont: score(FontEntry(fname='C:\\Windows\\Fonts\\SourceSerifPro-ExtraLightIt.ttf', name='Source Serif Pro', style='italic', variant='normal', weight=200, stretch='normal', size='scalable')) = 11.24
2026-05-22 12:59:34,872 [DEBUG] matplotlib.font_manager: findfont: score(FontEntry(fname='C:\\Program Files\\SOLIDWORKS Corp\\SOLIDWORKS\\HoopsPublish\\resource\\Font\\courierstd.otf', name='Courier Std', style='normal', variant='normal', weight=500, stretch='normal', size='scalable')) = 10.145
2026-05-22 12:59:34,872 [DEBUG] matplotlib.font_manager: findfont: score(FontEntry(fname='C:\\Windows\\Fonts\\pala.ttf', name='Palatino Linotype', style='normal', variant='normal', weight=400, stretch='normal', size='scalable')) = 10.05
2026-05-22 12:59:34,872 [DEBUG] matplotlib.font_manager: findfont: score(FontEntry(fname='C:\\Windows\\Fonts\\PRISTINA.TTF', name='Pristina', style='normal', variant='normal', weight=400, stretch='normal', size='scalable')) = 10.05
2026-05-22 12:59:34,872 [DEBUG] matplotlib.font_manager: findfont: score(FontEntry(fname='C:\\Windows\\Fonts\\ReemKufi-Regular.ttf', name='Reem Kufi', style='normal', variant='normal', weight=400, stretch='normal', size='scalable')) = 10.05
2026-05-22 12:59:34,872 [DEBUG] matplotlib.font_manager: findfont: score(FontEntry(fname='C:\\Windows\\Fonts\\cambriab.ttf', name='Cambria', style='normal', variant='normal', weight=700, stretch='normal', size='scalable')) = 10.335
2026-05-22 12:59:34,872 [DEBUG] matplotlib.font_manager: findfont: score(FontEntry(fname='C:\\Windows\\Fonts\\swisot3.ttf', name='SWIsot3', style='normal', variant='normal', weight=400, stretch='normal', size='scalable')) = 10.05
2026-05-22 12:59:34,872 [DEBUG] matplotlib.font_manager: findfont: score(FontEntry(fname='C:\\Program Files\\SOLIDWORKS Corp\\SOLIDWORKS Visualize\\Plugins\\sp.x\\resources\\fonts\\extrafiles\\TrueType\\CoureI.ttf', name='Courier10 BT', style='italic', variant='normal', weight=400, stretch='normal', size='scalable')) = 11.05
2026-05-22 12:59:34,872 [DEBUG] matplotlib.font_manager: findfont: score(FontEntry(fname='C:\\Windows\\Fonts\\JUICE___.TTF', name='Juice ITC', style='normal', variant='normal', weight=400, stretch='normal', size='scalable')) = 10.05
2026-05-22 12:59:34,872 [DEBUG] matplotlib.font_manager: findfont: score(FontEntry(fname='C:\\Windows\\Fonts\\taileb.ttf', name='Microsoft Tai Le', style='normal', variant='normal', weight=700, stretch='normal', size='scalable')) = 10.335
2026-05-22 12:59:34,872 [DEBUG] matplotlib.font_manager: findfont: score(FontEntry(fname='C:\\Windows\\Fonts\\consolai.ttf', name='Consolas', style='italic', variant='normal', weight=400, stretch='normal', size='scalable')) = 11.05
2026-05-22 12:59:34,872 [DEBUG] matplotlib.font_manager: findfont: score(FontEntry(fname='C:\\Users\\Александр\\AppData\\Local\\Microsoft\\Windows\\Fonts\\fontawesome6-brands-webfont-6.7.2.ttf', name='Font Awesome 6 Brands', style='normal', variant='normal', weight=400, stretch='normal', size='scalable')) = 10.05
2026-05-22 12:59:34,872 [DEBUG] matplotlib.font_manager: findfont: score(FontEntry(fname='C:\\Windows\\Fonts\\LiberationSansNarrow-BoldItalic.ttf', name='Liberation Sans Narrow', style='italic', variant='normal', weight=700, stretch='condensed', size='scalable')) = 11.535
2026-05-22 12:59:34,872 [DEBUG] matplotlib.font_manager: findfont: score(FontEntry(fname='C:\\Windows\\Fonts\\Candarai.ttf', name='Candara', style='italic', variant='normal', weight=400, stretch='normal', size='scalable')) = 11.05
2026-05-22 12:59:34,872 [DEBUG] matplotlib.font_manager: findfont: score(FontEntry(fname='C:\\Windows\\Fonts\\swital.ttf', name='SWItal', style='normal', variant='normal', weight=400, stretch='normal', size='scalable')) = 10.05
2026-05-22 12:59:34,872 [DEBUG] matplotlib.font_manager: findfont: score(FontEntry(fname='C:\\Windows\\Fonts\\GenBasB.ttf', name='Gentium Basic', style='normal', variant='normal', weight=700, stretch='normal', size='scalable')) = 10.335
2026-05-22 12:59:34,872 [DEBUG] matplotlib.font_manager: findfont: score(FontEntry(fname='C:\\Windows\\Fonts\\Rubik-Italic.ttf', name='Rubik', style='italic', variant='normal', weight=400, stretch='normal', size='scalable')) = 11.05
2026-05-22 12:59:34,872 [DEBUG] matplotlib.font_manager: findfont: score(FontEntry(fname='C:\\Windows\\Fonts\\Carlito-Regular.ttf', name='Carlito', style='normal', variant='normal', weight=400, stretch='normal', size='scalable')) = 10.05
2026-05-22 12:59:34,873 [DEBUG] matplotlib.font_manager: findfont: score(FontEntry(fname='C:\\Windows\\Fonts\\segoepr.ttf', name='Segoe Print', style='normal', variant='normal', weight=400, stretch='normal', size='scalable')) = 10.05
2026-05-22 12:59:34,873 [DEBUG] matplotlib.font_manager: findfont: score(FontEntry(fname='C:\\Windows\\Fonts\\LinLibertine_RZI_G.ttf', name='Linux Libertine G', style='italic', variant='normal', weight=600, stretch='normal', size='scalable')) = 11.24
2026-05-22 12:59:34,873 [DEBUG] matplotlib.font_manager: findfont: score(FontEntry(fname='C:\\Windows\\Fonts\\MiriamCLM-Bold.ttf', name='Miriam CLM', style='normal', variant='normal', weight=700, stretch='normal', size='scalable')) = 10.335
2026-05-22 12:59:34,873 [DEBUG] matplotlib.font_manager: findfont: score(FontEntry(fname='C:\\Windows\\Fonts\\trebucbi.ttf', name='Trebuchet MS', style='italic', variant='normal', weight=700, stretch='normal', size='scalable')) = 11.335
2026-05-22 12:59:34,873 [DEBUG] matplotlib.font_manager: findfont: score(FontEntry(fname='C:\\Windows\\Fonts\\HATTEN.TTF', name='Haettenschweiler', style='normal', variant='normal', weight=400, stretch='normal', size='scalable')) = 10.05
2026-05-22 12:59:34,873 [DEBUG] matplotlib.font_manager: findfont: score(FontEntry(fname='C:\\Windows\\Fonts\\SourceCodePro-BlackIt.ttf', name='Source Code Pro', style='italic', variant='normal', weight=900, stretch='normal', size='scalable')) = 11.525
2026-05-22 12:59:34,873 [DEBUG] matplotlib.font_manager: findfont: score(FontEntry(fname='C:\\Windows\\Fonts\\msjh.ttc', name='Microsoft JhengHei', style='normal', variant='normal', weight=400, stretch='normal', size='scalable')) = 10.05
2026-05-22 12:59:34,873 [DEBUG] matplotlib.font_manager: findfont: score(FontEntry(fname='C:\\Windows\\Fonts\\Sitka.ttc', name='Sitka Small', style='normal', variant='normal', weight=400, stretch='normal', size='scalable')) = 10.05
2026-05-22 12:59:34,873 [DEBUG] matplotlib.font_manager: findfont: score(FontEntry(fname='C:\\Windows\\Fonts\\consola.ttf', name='Consolas', style='normal', variant='normal', weight=400, stretch='normal', size='scalable')) = 10.05
2026-05-22 12:59:34,873 [DEBUG] matplotlib.font_manager: findfont: score(FontEntry(fname='C:\\Program Files\\SOLIDWORKS Corp\\SOLIDWORKS\\HoopsPublish\\resource\\Font\\kozminpr6n-regular.otf', name='Kozuka Mincho Pr6N', style='normal', variant='normal', weight=400, stretch='normal', size='scalable')) = 10.05
2026-05-22 12:59:34,873 [DEBUG] matplotlib.font_manager: findfont: score(FontEntry(fname='C:\\Windows\\Fonts\\euextrab.ttf', name='Euclid Extra', style='normal', variant='normal', weight=700, stretch='normal', size='scalable')) = 10.335
2026-05-22 12:59:34,873 [DEBUG] matplotlib.font_manager: findfont: score(FontEntry(fname='C:\\Windows\\Fonts\\YuGothL.ttc', name='Yu Gothic', style='normal', variant='normal', weight=300, stretch='normal', size='scalable')) = 10.145
2026-05-22 12:59:34,873 [DEBUG] matplotlib.font_manager: findfont: score(FontEntry(fname='C:\\Windows\\Fonts\\l_10646.ttf', name='Lucida Sans Unicode', style='normal', variant='normal', weight=400, stretch='normal', size='scalable')) = 10.05
2026-05-22 12:59:34,873 [DEBUG] matplotlib.font_manager: findfont: score(FontEntry(fname='C:\\Windows\\Fonts\\DavidCLM-Bold.ttf', name='David CLM', style='normal', variant='normal', weight=700, stretch='normal', size='scalable')) = 10.335
2026-05-22 12:59:34,873 [DEBUG] matplotlib.font_manager: findfont: score(FontEntry(fname='C:\\Program Files\\SOLIDWORKS Corp\\SOLIDWORKS\\HoopsPublish\\resource\\Font\\adobepistd.otf', name='Adobe Pi Std', style='normal', variant='normal', weight=400, stretch='normal', size='scalable')) = 10.05
2026-05-22 12:59:34,873 [DEBUG] matplotlib.font_manager: findfont: score(FontEntry(fname='C:\\Windows\\Fonts\\swgothg.ttf', name='SWGothg', style='normal', variant='normal', weight=400, stretch='normal', size='scalable')) = 10.05
2026-05-22 12:59:34,873 [DEBUG] matplotlib.font_manager: findfont: score(FontEntry(fname='C:\\Windows\\Fonts\\msyhbd.ttc', name='Microsoft YaHei', style='normal', variant='normal', weight=700, stretch='normal', size='scalable')) = 10.335
2026-05-22 12:59:34,873 [DEBUG] matplotlib.font_manager: findfont: score(FontEntry(fname='C:\\Program Files\\SOLIDWORKS Corp\\SOLIDWORKS Visualize\\Plugins\\sp.x\\resources\\fonts\\TrueType\\3ds Regular.ttf', name='3ds', style='normal', variant='normal', weight=400, stretch='normal', size='scalable')) = 10.05
2026-05-22 12:59:34,874 [DEBUG] matplotlib.font_manager: findfont: score(FontEntry(fname='C:\\Windows\\Fonts\\bahnschrift.ttf', name='Bahnschrift', style='normal', variant='normal', weight=400, stretch='normal', size='scalable')) = 10.05
2026-05-22 12:59:34,874 [DEBUG] matplotlib.font_manager: findfont: score(FontEntry(fname='C:\\Windows\\Fonts\\comicz.ttf', name='Comic Sans MS', style='italic', variant='normal', weight=700, stretch='normal', size='scalable')) = 11.335
2026-05-22 12:59:34,874 [DEBUG] matplotlib.font_manager: findfont: score(FontEntry(fname='C:\\Windows\\Fonts\\lucon.ttf', name='Lucida Console', style='normal', variant='normal', weight=400, stretch='normal', size='scalable')) = 10.05
2026-05-22 12:59:34,874 [DEBUG] matplotlib.font_manager: findfont: score(FontEntry(fname='C:\\Windows\\Fonts\\ARIALNI.TTF', name='Arial', style='italic', variant='normal', weight=400, stretch='condensed', size='scalable')) = 7.613636363636363
2026-05-22 12:59:34,874 [DEBUG] matplotlib.font_manager: findfont: score(FontEntry(fname='C:\\Windows\\Fonts\\NotoKufiArabic-Bold.ttf', name='Noto Kufi Arabic', style='normal', variant='normal', weight=700, stretch='normal', size='scalable')) = 10.335
2026-05-22 12:59:34,874 [DEBUG] matplotlib.font_manager: findfont: score(FontEntry(fname='C:\\Windows\\Fonts\\NotoSansGeorgian-Bold.ttf', name='Noto Sans Georgian', style='normal', variant='normal', weight=700, stretch='normal', size='scalable')) = 10.335
2026-05-22 12:59:34,874 [DEBUG] matplotlib.font_manager: findfont: score(FontEntry(fname='C:\\Windows\\Fonts\\LiberationSerif-Regular.ttf', name='Liberation Serif', style='normal', variant='normal', weight=400, stretch='normal', size='scalable')) = 10.05
2026-05-22 12:59:34,874 [DEBUG] matplotlib.font_manager: findfont: score(FontEntry(fname='C:\\Windows\\Fonts\\BRADHITC.TTF', name='Bradley Hand ITC', style='normal', variant='normal', weight=400, stretch='normal', size='scalable')) = 10.05
2026-05-22 12:59:34,874 [DEBUG] matplotlib.font_manager: findfont: score(FontEntry(fname='C:\\Windows\\Fonts\\DejaVuSans.ttf', name='DejaVu Sans', style='normal', variant='normal', weight=400, stretch='normal', size='scalable')) = 0.05
2026-05-22 12:59:34,874 [DEBUG] matplotlib.font_manager: findfont: score(FontEntry(fname='C:\\Program Files\\SOLIDWORKS Corp\\SOLIDWORKS\\HoopsPublish\\resource\\Font\\adobesongstd-light.otf', name='Adobe Song Std', style='normal', variant='normal', weight=300, stretch='normal', size='scalable')) = 10.145
2026-05-22 12:59:34,874 [DEBUG] matplotlib.font_manager: findfont: score(FontEntry(fname='C:\\Windows\\Fonts\\LinLibertine_RI_G.ttf', name='Linux Libertine G', style='italic', variant='normal', weight=400, stretch='normal', size='scalable')) = 11.05
2026-05-22 12:59:34,874 [DEBUG] matplotlib.font_manager: findfont: score(FontEntry(fname='C:\\Windows\\Fonts\\Carlito-BoldItalic.ttf', name='Carlito', style='italic', variant='normal', weight=700, stretch='normal', size='scalable')) = 11.335
2026-05-22 12:59:34,875 [DEBUG] matplotlib.font_manager: findfont: score(FontEntry(fname='C:\\Windows\\Fonts\\NotoKufiArabic-Regular.ttf', name='Noto Kufi Arabic', style='normal', variant='normal', weight=400, stretch='normal', size='scalable')) = 10.05
2026-05-22 12:59:34,875 [DEBUG] matplotlib.font_manager: findfont: score(FontEntry(fname='C:\\Windows\\Fonts\\eufrak.ttf', name='Euclid Fraktur', style='normal', variant='normal', weight=400, stretch='normal', size='scalable')) = 10.05
2026-05-22 12:59:34,875 [DEBUG] matplotlib.font_manager: findfont: score(FontEntry(fname='C:\\Program Files\\SOLIDWORKS Corp\\SOLIDWORKS Visualize\\Plugins\\sp.x\\resources\\fonts\\extrafiles\\TrueType\\SymbM.ttf', name='SymbolMono BT', style='normal', variant='normal', weight=400, stretch='normal', size='scalable')) = 10.05
2026-05-22 12:59:34,875 [DEBUG] matplotlib.font_manager: findfont: score(FontEntry(fname='C:\\Windows\\Fonts\\Candarali.ttf', name='Candara', style='italic', variant='normal', weight=400, stretch='normal', size='scalable')) = 11.05
2026-05-22 12:59:34,875 [DEBUG] matplotlib.font_manager: findfont: score(FontEntry(fname='C:\\Windows\\Fonts\\KacstOffice.ttf', name='KacstOffice', style='normal', variant='normal', weight=500, stretch='normal', size='scalable')) = 10.145
2026-05-22 12:59:34,875 [DEBUG] matplotlib.font_manager: findfont: score(FontEntry(fname='C:\\Windows\\Fonts\\cambriai.ttf', name='Cambria', style='italic', variant='normal', weight=400, stretch='normal', size='scalable')) = 11.05
2026-05-22 12:59:34,875 [DEBUG] matplotlib.font_manager: findfont: score(FontEntry(fname='C:\\Windows\\Fonts\\DavidLibre-Regular.ttf', name='David Libre', style='normal', variant='normal', weight=400, stretch='normal', size='scalable')) = 10.05
2026-05-22 12:59:34,875 [DEBUG] matplotlib.font_manager: findfont: score(FontEntry(fname='C:\\Windows\\Fonts\\couri.ttf', name='Courier New', style='italic', variant='normal', weight=400, stretch='normal', size='scalable')) = 11.05
2026-05-22 12:59:34,875 [DEBUG] matplotlib.font_manager: findfont: score(FontEntry(fname='C:\\Users\\Александр\\AppData\\Local\\Microsoft\\Windows\\Fonts\\fontawesome6-regular-webfont-6.7.2.ttf', name='Font Awesome 6 Free Regular', style='normal', variant='normal', weight=400, stretch='normal', size='scalable')) = 10.05
2026-05-22 12:59:34,876 [DEBUG] matplotlib.font_manager: findfont: score(FontEntry(fname='C:\\Windows\\Fonts\\phagspab.ttf', name='Microsoft PhagsPa', style='normal', variant='normal', weight=700, stretch='normal', size='scalable')) = 10.335
2026-05-22 12:59:34,876 [DEBUG] matplotlib.font_manager: findfont: score(FontEntry(fname='C:\\Windows\\Fonts\\msyhl.ttc', name='Microsoft YaHei', style='normal', variant='normal', weight=290, stretch='normal', size='scalable')) = 10.1545
2026-05-22 12:59:34,876 [DEBUG] matplotlib.font_manager: findfont: score(FontEntry(fname='C:\\Windows\\Fonts\\swmap.ttf', name='SWMap', style='normal', variant='normal', weight=400, stretch='normal', size='scalable')) = 10.05
2026-05-22 12:59:34,876 [DEBUG] matplotlib.font_manager: findfont: score(FontEntry(fname='C:\\Windows\\Fonts\\calibrili.ttf', name='Calibri', style='italic', variant='normal', weight=300, stretch='normal', size='scalable')) = 11.145
2026-05-22 12:59:34,876 [DEBUG] matplotlib.font_manager: findfont: score(FontEntry(fname='C:\\Windows\\Fonts\\GenBkBasR.ttf', name='Gentium Book Basic', style='normal', variant='normal', weight=400, stretch='normal', size='scalable')) = 10.05
2026-05-22 12:59:34,876 [DEBUG] matplotlib.font_manager: findfont: score(FontEntry(fname='C:\\Windows\\Fonts\\Rubik-Bold.ttf', name='Rubik', style='normal', variant='normal', weight=700, stretch='normal', size='scalable')) = 10.335
2026-05-22 12:59:34,876 [DEBUG] matplotlib.font_manager: findfont: score(FontEntry(fname='C:\\Windows\\Fonts\\SourceSerifPro-SemiboldIt.ttf', name='Source Serif Pro', style='italic', variant='normal', weight=600, stretch='normal', size='scalable')) = 11.24
2026-05-22 12:59:34,876 [DEBUG] matplotlib.font_manager: findfont: score(FontEntry(fname='C:\\Windows\\Fonts\\GenBasR.ttf', name='Gentium Basic', style='normal', variant='normal', weight=400, stretch='normal', size='scalable')) = 10.05
2026-05-22 12:59:34,876 [DEBUG] matplotlib.font_manager: findfont: score(FontEntry(fname='C:\\Program Files\\SOLIDWORKS Corp\\SOLIDWORKS Visualize\\Plugins\\sp.x\\resources\\fonts\\extrafiles\\TrueType\\DutchI.ttf', name='Dutch801 Rm BT', style='italic', variant='normal', weight=400, stretch='normal', size='scalable')) = 11.05
2026-05-22 12:59:34,876 [DEBUG] matplotlib.font_manager: findfont: score(FontEntry(fname='C:\\Windows\\Fonts\\GenBkBasB.ttf', name='Gentium Book Basic', style='normal', variant='normal', weight=700, stretch='normal', size='scalable')) = 10.335
2026-05-22 12:59:34,876 [DEBUG] matplotlib.font_manager: findfont: score(FontEntry(fname='C:\\Windows\\Fonts\\swmath.ttf', name='SWMath', style='normal', variant='normal', weight=400, stretch='normal', size='scalable')) = 10.05
2026-05-22 12:59:34,876 [DEBUG] matplotlib.font_manager: findfont: Matching sans\-serif:style=normal:variant=normal:weight=normal:stretch=normal:size=10.0 to DejaVu Sans ('C:\\spyder\\envs\\spyder-runtime\\Lib\\site-packages\\matplotlib\\mpl-data\\fonts\\ttf\\DejaVuSans.ttf') with score of 0.050000.
2026-05-22 12:59:34,893 [WARNING] Hardware.Stages.thorlabs_kinesis.benchtop_stepper_motor: [Thorlabs.BSM] DLL не найдена — модуль будет недоступен
2026-05-22 13:00:01,382 [INFO] root: === Application Starting ===
2026-05-22 13:00:01,395 [INFO] root: Initializing Application...
2026-05-22 13:00:01,419 [WARNING] Hardware.Stages.thorlabs_kinesis.benchtop_stepper_motor: [Thorlabs.BSM] DLL не найдена — модуль будет недоступен
2026-05-22 13:03:49,080 [DEBUG] PyQt5.uic.uiparser: uiname is MainWindow
2026-05-22 13:03:49,080 [DEBUG] PyQt5.uic.uiparser: toplevel widget is QMainWindow
2026-05-22 13:03:49,080 [DEBUG] PyQt5.uic.properties: setting property geometry
2026-05-22 13:03:49,080 [DEBUG] PyQt5.uic.properties: setting property minimumSize
2026-05-22 13:03:49,080 [DEBUG] PyQt5.uic.properties: setting property maximumSize
2026-05-22 13:03:49,080 [DEBUG] PyQt5.uic.properties: setting property acceptDrops
2026-05-22 13:03:49,080 [DEBUG] PyQt5.uic.properties: setting property windowTitle
2026-05-22 13:03:49,080 [DEBUG] PyQt5.uic.uiparser: push QMainWindow MainWindow
2026-05-22 13:03:49,081 [DEBUG] PyQt5.uic.uiparser: push QWidget centralwidget
2026-05-22 13:03:49,081 [DEBUG] PyQt5.uic.uiparser: push QVBoxLayout verticalLayout_2
2026-05-22 13:03:49,081 [DEBUG] PyQt5.uic.properties: setting property sizePolicy
2026-05-22 13:03:49,081 [DEBUG] PyQt5.uic.properties: setting property baseSize
2026-05-22 13:03:49,082 [DEBUG] PyQt5.uic.properties: setting property widgetResizable
2026-05-22 13:03:49,082 [DEBUG] PyQt5.uic.uiparser: push QScrollArea scrollArea
2026-05-22 13:03:49,082 [DEBUG] PyQt5.uic.properties: setting property enabled
2026-05-22 13:03:49,082 [DEBUG] PyQt5.uic.properties: setting property geometry
2026-05-22 13:03:49,082 [DEBUG] PyQt5.uic.uiparser: push QWidget scrollAreaWidgetContents
2026-05-22 13:03:49,082 [DEBUG] PyQt5.uic.uiparser: push QGridLayout gridLayout_4
2026-05-22 13:03:49,082 [DEBUG] PyQt5.uic.properties: setting property sizePolicy
2026-05-22 13:03:49,083 [DEBUG] PyQt5.uic.properties: setting property minimumSize
2026-05-22 13:03:49,083 [DEBUG] PyQt5.uic.properties: setting property maximumSize
2026-05-22 13:03:49,083 [DEBUG] PyQt5.uic.properties: setting property title
2026-05-22 13:03:49,083 [DEBUG] PyQt5.uic.uiparser: push QGroupBox groupBox_9
2026-05-22 13:03:49,083 [DEBUG] PyQt5.uic.properties: setting property geometry
2026-05-22 13:03:49,083 [DEBUG] PyQt5.uic.properties: setting property text
2026-05-22 13:03:49,084 [DEBUG] PyQt5.uic.properties: setting property maxLength
2026-05-22 13:03:49,084 [DEBUG] PyQt5.uic.uiparser: push QLineEdit lineEdit_StartWavelength
2026-05-22 13:03:49,084 [DEBUG] PyQt5.uic.uiparser: pop widget QLineEdit lineEdit_StartWavelength
2026-05-22 13:03:49,084 [DEBUG] PyQt5.uic.uiparser: new topwidget self.groupBox_9
2026-05-22 13:03:49,084 [DEBUG] PyQt5.uic.properties: setting property geometry
2026-05-22 13:03:49,085 [DEBUG] PyQt5.uic.properties: setting property text
2026-05-22 13:03:49,085 [DEBUG] PyQt5.uic.properties: setting property maxLength
2026-05-22 13:03:49,085 [DEBUG] PyQt5.uic.properties: setting property alignment
2026-05-22 13:03:49,085 [DEBUG] PyQt5.uic.uiparser: push QLineEdit lineEdit_StopWavelength
2026-05-22 13:03:49,085 [DEBUG] PyQt5.uic.uiparser: pop widget QLineEdit lineEdit_StopWavelength
2026-05-22 13:03:49,085 [DEBUG] PyQt5.uic.uiparser: new topwidget self.groupBox_9
2026-05-22 13:03:49,085 [DEBUG] PyQt5.uic.properties: setting property geometry
2026-05-22 13:03:49,085 [DEBUG] PyQt5.uic.properties: setting property text
2026-05-22 13:03:49,085 [DEBUG] PyQt5.uic.uiparser: push QPushButton pushButton_getRange
2026-05-22 13:03:49,085 [DEBUG] PyQt5.uic.uiparser: pop widget QPushButton pushButton_getRange
2026-05-22 13:03:49,085 [DEBUG] PyQt5.uic.uiparser: new topwidget self.groupBox_9
2026-05-22 13:03:49,086 [DEBUG] PyQt5.uic.properties: setting property geometry
2026-05-22 13:03:49,086 [DEBUG] PyQt5.uic.properties: setting property text
2026-05-22 13:03:49,086 [DEBUG] PyQt5.uic.uiparser: push QCheckBox checkBox_FreezeSpectrum
2026-05-22 13:03:49,086 [DEBUG] PyQt5.uic.uiparser: pop widget QCheckBox checkBox_FreezeSpectrum
2026-05-22 13:03:49,086 [DEBUG] PyQt5.uic.uiparser: new topwidget self.groupBox_9
2026-05-22 13:03:49,086 [DEBUG] PyQt5.uic.properties: setting property geometry
2026-05-22 13:03:49,086 [DEBUG] PyQt5.uic.properties: setting property text
2026-05-22 13:03:49,086 [DEBUG] PyQt5.uic.uiparser: push QPushButton pushButton_set_max_OSA_range
2026-05-22 13:03:49,086 [DEBUG] PyQt5.uic.uiparser: pop widget QPushButton pushButton_set_max_OSA_range
2026-05-22 13:03:49,086 [DEBUG] PyQt5.uic.uiparser: new topwidget self.groupBox_9
2026-05-22 13:03:49,086 [DEBUG] PyQt5.uic.uiparser: pop widget QGroupBox groupBox_9
2026-05-22 13:03:49,086 [DEBUG] PyQt5.uic.uiparser: new topwidget self.scrollAreaWidgetContents
2026-05-22 13:03:49,086 [DEBUG] PyQt5.uic.properties: setting property sizePolicy
2026-05-22 13:03:49,087 [DEBUG] PyQt5.uic.properties: setting property minimumSize
2026-05-22 13:03:49,087 [DEBUG] PyQt5.uic.properties: setting property maximumSize
2026-05-22 13:03:49,087 [DEBUG] PyQt5.uic.properties: setting property title
2026-05-22 13:03:49,087 [DEBUG] PyQt5.uic.uiparser: push QGroupBox groupBox_11
2026-05-22 13:03:49,087 [DEBUG] PyQt5.uic.properties: setting property geometry
2026-05-22 13:03:49,087 [DEBUG] PyQt5.uic.properties: setting property contextMenuPolicy
2026-05-22 13:03:49,087 [DEBUG] PyQt5.uic.properties: setting property text
2026-05-22 13:03:49,087 [DEBUG] PyQt5.uic.properties: setting property alignment
2026-05-22 13:03:49,087 [DEBUG] PyQt5.uic.uiparser: push QLineEdit lineEdit_FilterLowFreqEdge
2026-05-22 13:03:49,087 [DEBUG] PyQt5.uic.uiparser: pop widget QLineEdit lineEdit_FilterLowFreqEdge
2026-05-22 13:03:49,088 [DEBUG] PyQt5.uic.uiparser: new topwidget self.groupBox_11
2026-05-22 13:03:49,088 [DEBUG] PyQt5.uic.properties: setting property geometry
2026-05-22 13:03:49,088 [DEBUG] PyQt5.uic.properties: setting property text
2026-05-22 13:03:49,088 [DEBUG] PyQt5.uic.properties: setting property alignment
2026-05-22 13:03:49,088 [DEBUG] PyQt5.uic.uiparser: push QLineEdit lineEdit_FilterHighFreqEdge
2026-05-22 13:03:49,088 [DEBUG] PyQt5.uic.uiparser: pop widget QLineEdit lineEdit_FilterHighFreqEdge
2026-05-22 13:03:49,088 [DEBUG] PyQt5.uic.uiparser: new topwidget self.groupBox_11
2026-05-22 13:03:49,088 [DEBUG] PyQt5.uic.properties: setting property geometry
2026-05-22 13:03:49,088 [DEBUG] PyQt5.uic.properties: setting property text
2026-05-22 13:03:49,088 [DEBUG] PyQt5.uic.uiparser: push QCheckBox checkBox_ApplyFFTFilter
2026-05-22 13:03:49,089 [DEBUG] PyQt5.uic.uiparser: pop widget QCheckBox checkBox_ApplyFFTFilter
2026-05-22 13:03:49,089 [DEBUG] PyQt5.uic.uiparser: new topwidget self.groupBox_11
2026-05-22 13:03:49,089 [DEBUG] PyQt5.uic.properties: setting property geometry
2026-05-22 13:03:49,089 [DEBUG] PyQt5.uic.properties: setting property text
2026-05-22 13:03:49,089 [DEBUG] PyQt5.uic.properties: setting property alignment
2026-05-22 13:03:49,089 [DEBUG] PyQt5.uic.uiparser: push QLineEdit lineEdit_FilterPointsToCut
2026-05-22 13:03:49,089 [DEBUG] PyQt5.uic.uiparser: pop widget QLineEdit lineEdit_FilterPointsToCut
2026-05-22 13:03:49,089 [DEBUG] PyQt5.uic.uiparser: new topwidget self.groupBox_11
2026-05-22 13:03:49,089 [DEBUG] PyQt5.uic.properties: setting property geometry
2026-05-22 13:03:49,089 [DEBUG] PyQt5.uic.properties: setting property text
2026-05-22 13:03:49,090 [DEBUG] PyQt5.uic.uiparser: push QLabel label_5
2026-05-22 13:03:49,090 [DEBUG] PyQt5.uic.uiparser: pop widget QLabel label_5
2026-05-22 13:03:49,090 [DEBUG] PyQt5.uic.uiparser: new topwidget self.groupBox_11
2026-05-22 13:03:49,090 [DEBUG] PyQt5.uic.properties: setting property geometry
2026-05-22 13:03:49,090 [DEBUG] PyQt5.uic.properties: setting property text
2026-05-22 13:03:49,090 [DEBUG] PyQt5.uic.uiparser: push QLabel label_6
2026-05-22 13:03:49,090 [DEBUG] PyQt5.uic.uiparser: pop widget QLabel label_6
2026-05-22 13:03:49,090 [DEBUG] PyQt5.uic.uiparser: new topwidget self.groupBox_11
2026-05-22 13:03:49,090 [DEBUG] PyQt5.uic.properties: setting property geometry
2026-05-22 13:03:49,090 [DEBUG] PyQt5.uic.properties: setting property text
2026-05-22 13:03:49,091 [DEBUG] PyQt5.uic.uiparser: push QLabel label_7
2026-05-22 13:03:49,091 [DEBUG] PyQt5.uic.uiparser: pop widget QLabel label_7
2026-05-22 13:03:49,091 [DEBUG] PyQt5.uic.uiparser: new topwidget self.groupBox_11
2026-05-22 13:03:49,091 [DEBUG] PyQt5.uic.uiparser: pop widget QGroupBox groupBox_11
2026-05-22 13:03:49,091 [DEBUG] PyQt5.uic.uiparser: new topwidget self.scrollAreaWidgetContents
2026-05-22 13:03:49,091 [DEBUG] PyQt5.uic.properties: setting property sizePolicy
2026-05-22 13:03:49,091 [DEBUG] PyQt5.uic.properties: setting property minimumSize
2026-05-22 13:03:49,091 [DEBUG] PyQt5.uic.properties: setting property maximumSize
2026-05-22 13:03:49,091 [DEBUG] PyQt5.uic.properties: setting property layoutDirection
2026-05-22 13:03:49,091 [DEBUG] PyQt5.uic.properties: setting property currentIndex
2026-05-22 13:03:49,091 [DEBUG] PyQt5.uic.uiparser: push QToolBox Toolbox
2026-05-22 13:03:49,092 [DEBUG] PyQt5.uic.properties: setting property geometry
2026-05-22 13:03:49,092 [DEBUG] PyQt5.uic.uiparser: push QWidget page_hardware
2026-05-22 13:03:49,092 [DEBUG] PyQt5.uic.uiparser: push QVBoxLayout verticalLayout
2026-05-22 13:03:49,092 [DEBUG] PyQt5.uic.properties: setting property title
2026-05-22 13:03:49,092 [DEBUG] PyQt5.uic.uiparser: push QGroupBox groupBox_features_2
2026-05-22 13:03:49,092 [DEBUG] PyQt5.uic.properties: setting property geometry
2026-05-22 13:03:49,092 [DEBUG] PyQt5.uic.properties: setting property minimumSize
2026-05-22 13:03:49,092 [DEBUG] PyQt5.uic.properties: setting property autoFillBackground
2026-05-22 13:03:49,092 [DEBUG] PyQt5.uic.properties: setting property styleSheet
2026-05-22 13:03:49,093 [DEBUG] PyQt5.uic.properties: setting property frameShape
2026-05-22 13:03:49,093 [DEBUG] PyQt5.uic.properties: setting property text
2026-05-22 13:03:49,093 [DEBUG] PyQt5.uic.uiparser: push QLabel label_PiezoStage_status
2026-05-22 13:03:49,093 [DEBUG] PyQt5.uic.uiparser: pop widget QLabel label_PiezoStage_status
2026-05-22 13:03:49,093 [DEBUG] PyQt5.uic.uiparser: new topwidget self.groupBox_features_2
2026-05-22 13:03:49,094 [DEBUG] PyQt5.uic.properties: setting property geometry
2026-05-22 13:03:49,094 [DEBUG] PyQt5.uic.properties: setting property font
2026-05-22 13:03:49,094 [DEBUG] PyQt5.uic.properties: setting property styleSheet
2026-05-22 13:03:49,094 [DEBUG] PyQt5.uic.properties: setting property text
2026-05-22 13:03:49,094 [DEBUG] PyQt5.uic.uiparser: push QPushButton pushButton_PiezoStageConnect
2026-05-22 13:03:49,094 [DEBUG] PyQt5.uic.uiparser: pop widget QPushButton pushButton_PiezoStageConnect
2026-05-22 13:03:49,094 [DEBUG] PyQt5.uic.uiparser: new topwidget self.groupBox_features_2
2026-05-22 13:03:49,094 [DEBUG] PyQt5.uic.properties: setting property geometry
2026-05-22 13:03:49,095 [DEBUG] PyQt5.uic.properties: setting property text
2026-05-22 13:03:49,095 [DEBUG] PyQt5.uic.uiparser: push QPushButton pushButton_zeroing_stages
2026-05-22 13:03:49,095 [DEBUG] PyQt5.uic.uiparser: pop widget QPushButton pushButton_zeroing_stages
2026-05-22 13:03:49,095 [DEBUG] PyQt5.uic.uiparser: new topwidget self.groupBox_features_2
2026-05-22 13:03:49,095 [DEBUG] PyQt5.uic.properties: setting property geometry
2026-05-22 13:03:49,095 [DEBUG] PyQt5.uic.properties: setting property text
2026-05-22 13:03:49,095 [DEBUG] PyQt5.uic.uiparser: push QLabel label_32
2026-05-22 13:03:49,095 [DEBUG] PyQt5.uic.uiparser: pop widget QLabel label_32
2026-05-22 13:03:49,095 [DEBUG] PyQt5.uic.uiparser: new topwidget self.groupBox_features_2
2026-05-22 13:03:49,095 [DEBUG] PyQt5.uic.properties: setting property geometry
2026-05-22 13:03:49,095 [DEBUG] PyQt5.uic.properties: setting property text
2026-05-22 13:03:49,095 [DEBUG] PyQt5.uic.uiparser: push QLabel label_33
2026-05-22 13:03:49,095 [DEBUG] PyQt5.uic.uiparser: pop widget QLabel label_33
2026-05-22 13:03:49,096 [DEBUG] PyQt5.uic.uiparser: new topwidget self.groupBox_features_2
2026-05-22 13:03:49,096 [DEBUG] PyQt5.uic.properties: setting property geometry
2026-05-22 13:03:49,096 [DEBUG] PyQt5.uic.properties: setting property text
2026-05-22 13:03:49,096 [DEBUG] PyQt5.uic.uiparser: push QLabel label_34
2026-05-22 13:03:49,096 [DEBUG] PyQt5.uic.uiparser: pop widget QLabel label_34
2026-05-22 13:03:49,096 [DEBUG] PyQt5.uic.uiparser: new topwidget self.groupBox_features_2
2026-05-22 13:03:49,096 [DEBUG] PyQt5.uic.properties: setting property geometry
2026-05-22 13:03:49,096 [DEBUG] PyQt5.uic.properties: setting property text
2026-05-22 13:03:49,096 [DEBUG] PyQt5.uic.properties: setting property checkable
2026-05-22 13:03:49,096 [DEBUG] PyQt5.uic.uiparser: push QPushButton pushButton_StagesConnect
2026-05-22 13:03:49,096 [DEBUG] PyQt5.uic.uiparser: pop widget QPushButton pushButton_StagesConnect
2026-05-22 13:03:49,096 [DEBUG] PyQt5.uic.uiparser: new topwidget self.groupBox_features_2
2026-05-22 13:03:49,096 [DEBUG] PyQt5.uic.properties: setting property geometry
2026-05-22 13:03:49,096 [DEBUG] PyQt5.uic.uiparser: push QComboBox comboBox_X
2026-05-22 13:03:49,097 [DEBUG] PyQt5.uic.uiparser: pop widget QComboBox comboBox_X
2026-05-22 13:03:49,097 [DEBUG] PyQt5.uic.uiparser: new topwidget self.groupBox_features_2
2026-05-22 13:03:49,097 [DEBUG] PyQt5.uic.properties: setting property geometry
2026-05-22 13:03:49,097 [DEBUG] PyQt5.uic.uiparser: push QComboBox comboBox_Y
2026-05-22 13:03:49,097 [DEBUG] PyQt5.uic.uiparser: pop widget QComboBox comboBox_Y
2026-05-22 13:03:49,097 [DEBUG] PyQt5.uic.uiparser: new topwidget self.groupBox_features_2
2026-05-22 13:03:49,097 [DEBUG] PyQt5.uic.properties: setting property geometry
2026-05-22 13:03:49,097 [DEBUG] PyQt5.uic.uiparser: push QComboBox comboBox_Z
2026-05-22 13:03:49,098 [DEBUG] PyQt5.uic.uiparser: pop widget QComboBox comboBox_Z
2026-05-22 13:03:49,098 [DEBUG] PyQt5.uic.uiparser: new topwidget self.groupBox_features_2
2026-05-22 13:03:49,098 [DEBUG] PyQt5.uic.properties: setting property geometry
2026-05-22 13:03:49,098 [DEBUG] PyQt5.uic.uiparser: push QComboBox comboBox_Y_ID
2026-05-22 13:03:49,098 [DEBUG] PyQt5.uic.uiparser: pop widget QComboBox comboBox_Y_ID
2026-05-22 13:03:49,098 [DEBUG] PyQt5.uic.uiparser: new topwidget self.groupBox_features_2
2026-05-22 13:03:49,098 [DEBUG] PyQt5.uic.properties: setting property geometry
2026-05-22 13:03:49,098 [DEBUG] PyQt5.uic.uiparser: push QComboBox comboBox_Z_ID
2026-05-22 13:03:49,098 [DEBUG] PyQt5.uic.uiparser: pop widget QComboBox comboBox_Z_ID
2026-05-22 13:03:49,098 [DEBUG] PyQt5.uic.uiparser: new topwidget self.groupBox_features_2
2026-05-22 13:03:49,098 [DEBUG] PyQt5.uic.properties: setting property geometry
2026-05-22 13:03:49,099 [DEBUG] PyQt5.uic.uiparser: push QComboBox comboBox_X_ID
2026-05-22 13:03:49,099 [DEBUG] PyQt5.uic.uiparser: pop widget QComboBox comboBox_X_ID
2026-05-22 13:03:49,099 [DEBUG] PyQt5.uic.uiparser: new topwidget self.groupBox_features_2
2026-05-22 13:03:49,099 [DEBUG] PyQt5.uic.properties: setting property geometry
2026-05-22 13:03:49,099 [DEBUG] PyQt5.uic.properties: setting property sizeAdjustPolicy
2026-05-22 13:03:49,099 [DEBUG] PyQt5.uic.uiparser: push QComboBox comboBox_Type_of_Stages
2026-05-22 13:03:49,099 [DEBUG] PyQt5.uic.uiparser: pop widget QComboBox comboBox_Type_of_Stages
2026-05-22 13:03:49,099 [DEBUG] PyQt5.uic.uiparser: new topwidget self.groupBox_features_2
2026-05-22 13:03:49,099 [DEBUG] PyQt5.uic.properties: setting property geometry
2026-05-22 13:03:49,099 [DEBUG] PyQt5.uic.uiparser: push QComboBox comboBox_PortY
2026-05-22 13:03:49,100 [DEBUG] PyQt5.uic.uiparser: pop widget QComboBox comboBox_PortY
2026-05-22 13:03:49,100 [DEBUG] PyQt5.uic.uiparser: new topwidget self.groupBox_features_2
2026-05-22 13:03:49,100 [DEBUG] PyQt5.uic.properties: setting property geometry
2026-05-22 13:03:49,100 [DEBUG] PyQt5.uic.uiparser: push QComboBox comboBox_PortX
2026-05-22 13:03:49,100 [DEBUG] PyQt5.uic.uiparser: pop widget QComboBox comboBox_PortX
2026-05-22 13:03:49,100 [DEBUG] PyQt5.uic.uiparser: new topwidget self.groupBox_features_2
2026-05-22 13:03:49,100 [DEBUG] PyQt5.uic.properties: setting property geometry
2026-05-22 13:03:49,100 [DEBUG] PyQt5.uic.uiparser: push QComboBox comboBox_PortZ
2026-05-22 13:03:49,100 [DEBUG] PyQt5.uic.uiparser: pop widget QComboBox comboBox_PortZ
2026-05-22 13:03:49,100 [DEBUG] PyQt5.uic.uiparser: new topwidget self.groupBox_features_2
2026-05-22 13:03:49,100 [DEBUG] PyQt5.uic.properties: setting property geometry
2026-05-22 13:03:49,100 [DEBUG] PyQt5.uic.properties: setting property text
2026-05-22 13:03:49,100 [DEBUG] PyQt5.uic.uiparser: push QPushButton pushButton_Rescan_COM
2026-05-22 13:03:49,101 [DEBUG] PyQt5.uic.uiparser: pop widget QPushButton pushButton_Rescan_COM
2026-05-22 13:03:49,101 [DEBUG] PyQt5.uic.uiparser: new topwidget self.groupBox_features_2
2026-05-22 13:03:49,101 [DEBUG] PyQt5.uic.uiparser: pop widget QGroupBox groupBox_features_2
2026-05-22 13:03:49,101 [DEBUG] PyQt5.uic.uiparser: new topwidget self.page_hardware
2026-05-22 13:03:49,101 [DEBUG] PyQt5.uic.properties: setting property title
2026-05-22 13:03:49,101 [DEBUG] PyQt5.uic.uiparser: push QGroupBox groupBox_features
2026-05-22 13:03:49,101 [DEBUG] PyQt5.uic.properties: setting property geometry
2026-05-22 13:03:49,101 [DEBUG] PyQt5.uic.properties: setting property text
2026-05-22 13:03:49,101 [DEBUG] PyQt5.uic.uiparser: push QLabel label_29
2026-05-22 13:03:49,101 [DEBUG] PyQt5.uic.uiparser: pop widget QLabel label_29
2026-05-22 13:03:49,101 [DEBUG] PyQt5.uic.uiparser: new topwidget self.groupBox_features
2026-05-22 13:03:49,101 [DEBUG] PyQt5.uic.properties: setting property geometry
2026-05-22 13:03:49,101 [DEBUG] PyQt5.uic.uiparser: push QComboBox comboBox_Luna_mode
2026-05-22 13:03:49,102 [DEBUG] PyQt5.uic.uiparser: pop widget QComboBox comboBox_Luna_mode
2026-05-22 13:03:49,102 [DEBUG] PyQt5.uic.uiparser: new topwidget self.groupBox_features
2026-05-22 13:03:49,102 [DEBUG] PyQt5.uic.properties: setting property geometry
2026-05-22 13:03:49,102 [DEBUG] PyQt5.uic.properties: setting property text
2026-05-22 13:03:49,102 [DEBUG] PyQt5.uic.uiparser: push QLabel label_Luna_mode
2026-05-22 13:03:49,102 [DEBUG] PyQt5.uic.uiparser: pop widget QLabel label_Luna_mode
2026-05-22 13:03:49,102 [DEBUG] PyQt5.uic.uiparser: new topwidget self.groupBox_features
2026-05-22 13:03:49,102 [DEBUG] PyQt5.uic.properties: setting property enabled
2026-05-22 13:03:49,102 [DEBUG] PyQt5.uic.properties: setting property geometry
2026-05-22 13:03:49,102 [DEBUG] PyQt5.uic.uiparser: push QComboBox comboBox_APEX_mode
2026-05-22 13:03:49,103 [DEBUG] PyQt5.uic.uiparser: pop widget QComboBox comboBox_APEX_mode
2026-05-22 13:03:49,103 [DEBUG] PyQt5.uic.uiparser: new topwidget self.groupBox_features
2026-05-22 13:03:49,103 [DEBUG] PyQt5.uic.properties: setting property geometry
2026-05-22 13:03:49,103 [DEBUG] PyQt5.uic.properties: setting property text
2026-05-22 13:03:49,103 [DEBUG] PyQt5.uic.properties: setting property checkable
2026-05-22 13:03:49,103 [DEBUG] PyQt5.uic.uiparser: push QPushButton pushButton_OSA_connect
2026-05-22 13:03:49,103 [DEBUG] PyQt5.uic.uiparser: pop widget QPushButton pushButton_OSA_connect
2026-05-22 13:03:49,103 [DEBUG] PyQt5.uic.uiparser: new topwidget self.groupBox_features
2026-05-22 13:03:49,103 [DEBUG] PyQt5.uic.properties: setting property enabled
2026-05-22 13:03:49,103 [DEBUG] PyQt5.uic.properties: setting property geometry
2026-05-22 13:03:49,103 [DEBUG] PyQt5.uic.properties: setting property text
2026-05-22 13:03:49,103 [DEBUG] PyQt5.uic.properties: setting property checkable
2026-05-22 13:03:49,103 [DEBUG] PyQt5.uic.properties: setting property checked
2026-05-22 13:03:49,103 [DEBUG] PyQt5.uic.uiparser: push QPushButton pushButton_APEX_TLS
2026-05-22 13:03:49,104 [DEBUG] PyQt5.uic.uiparser: pop widget QPushButton pushButton_APEX_TLS
2026-05-22 13:03:49,104 [DEBUG] PyQt5.uic.uiparser: new topwidget self.groupBox_features
2026-05-22 13:03:49,104 [DEBUG] PyQt5.uic.properties: setting property enabled
2026-05-22 13:03:49,104 [DEBUG] PyQt5.uic.properties: setting property geometry
2026-05-22 13:03:49,104 [DEBUG] PyQt5.uic.properties: setting property text
2026-05-22 13:03:49,104 [DEBUG] PyQt5.uic.properties: setting property checkable
2026-05-22 13:03:49,104 [DEBUG] PyQt5.uic.properties: setting property checked
2026-05-22 13:03:49,104 [DEBUG] PyQt5.uic.uiparser: push QPushButton pushButton_APEX_calibration
2026-05-22 13:03:49,104 [DEBUG] PyQt5.uic.uiparser: pop widget QPushButton pushButton_APEX_calibration
2026-05-22 13:03:49,104 [DEBUG] PyQt5.uic.uiparser: new topwidget self.groupBox_features
2026-05-22 13:03:49,104 [DEBUG] PyQt5.uic.properties: setting property geometry
2026-05-22 13:03:49,104 [DEBUG] PyQt5.uic.uiparser: push QComboBox comboBox_Type_of_OSA
2026-05-22 13:03:49,105 [DEBUG] PyQt5.uic.uiparser: pop widget QComboBox comboBox_Type_of_OSA
2026-05-22 13:03:49,105 [DEBUG] PyQt5.uic.uiparser: new topwidget self.groupBox_features
2026-05-22 13:03:49,105 [DEBUG] PyQt5.uic.uiparser: pop widget QGroupBox groupBox_features
2026-05-22 13:03:49,105 [DEBUG] PyQt5.uic.uiparser: new topwidget self.page_hardware
2026-05-22 13:03:49,105 [DEBUG] PyQt5.uic.properties: setting property sizePolicy
2026-05-22 13:03:49,105 [DEBUG] PyQt5.uic.properties: setting property minimumSize
2026-05-22 13:03:49,105 [DEBUG] PyQt5.uic.properties: setting property title
2026-05-22 13:03:49,105 [DEBUG] PyQt5.uic.uiparser: push QGroupBox groupBox_3
2026-05-22 13:03:49,105 [DEBUG] PyQt5.uic.properties: setting property geometry
2026-05-22 13:03:49,105 [DEBUG] PyQt5.uic.properties: setting property text
2026-05-22 13:03:49,105 [DEBUG] PyQt5.uic.properties: setting property checkable
2026-05-22 13:03:49,106 [DEBUG] PyQt5.uic.uiparser: push QPushButton pushButton_scope_connect
2026-05-22 13:03:49,106 [DEBUG] PyQt5.uic.uiparser: pop widget QPushButton pushButton_scope_connect
2026-05-22 13:03:49,106 [DEBUG] PyQt5.uic.uiparser: new topwidget self.groupBox_3
2026-05-22 13:03:49,106 [DEBUG] PyQt5.uic.properties: setting property geometry
2026-05-22 13:03:49,106 [DEBUG] PyQt5.uic.properties: setting property text
2026-05-22 13:03:49,106 [DEBUG] PyQt5.uic.uiparser: push QPushButton pushButton_laser_connect
2026-05-22 13:03:49,106 [DEBUG] PyQt5.uic.uiparser: pop widget QPushButton pushButton_laser_connect
2026-05-22 13:03:49,106 [DEBUG] PyQt5.uic.uiparser: new topwidget self.groupBox_3
2026-05-22 13:03:49,106 [DEBUG] PyQt5.uic.properties: setting property geometry
2026-05-22 13:03:49,106 [DEBUG] PyQt5.uic.properties: setting property text
2026-05-22 13:03:49,106 [DEBUG] PyQt5.uic.properties: setting property checkable
2026-05-22 13:03:49,106 [DEBUG] PyQt5.uic.uiparser: push QPushButton pushButton_powermeter_connect
2026-05-22 13:03:49,106 [DEBUG] PyQt5.uic.uiparser: pop widget QPushButton pushButton_powermeter_connect
2026-05-22 13:03:49,106 [DEBUG] PyQt5.uic.uiparser: new topwidget self.groupBox_3
2026-05-22 13:03:49,107 [DEBUG] PyQt5.uic.properties: setting property enabled
2026-05-22 13:03:49,107 [DEBUG] PyQt5.uic.properties: setting property geometry
2026-05-22 13:03:49,107 [DEBUG] PyQt5.uic.properties: setting property text
2026-05-22 13:03:49,107 [DEBUG] PyQt5.uic.properties: setting property checkable
2026-05-22 13:03:49,107 [DEBUG] PyQt5.uic.uiparser: push QPushButton pushButton_powermeter_graph
2026-05-22 13:03:49,107 [DEBUG] PyQt5.uic.uiparser: pop widget QPushButton pushButton_powermeter_graph
2026-05-22 13:03:49,107 [DEBUG] PyQt5.uic.uiparser: new topwidget self.groupBox_3
2026-05-22 13:03:49,107 [DEBUG] PyQt5.uic.properties: setting property geometry
2026-05-22 13:03:49,107 [DEBUG] PyQt5.uic.properties: setting property focusPolicy
2026-05-22 13:03:49,107 [DEBUG] PyQt5.uic.uiparser: push QComboBox comboBox_laser_protocol_type
2026-05-22 13:03:49,107 [DEBUG] PyQt5.uic.uiparser: pop widget QComboBox comboBox_laser_protocol_type
2026-05-22 13:03:49,107 [DEBUG] PyQt5.uic.uiparser: new topwidget self.groupBox_3
2026-05-22 13:03:49,107 [DEBUG] PyQt5.uic.properties: setting property geometry
2026-05-22 13:03:49,108 [DEBUG] PyQt5.uic.uiparser: push QComboBox comboBox_type_of_scope
2026-05-22 13:03:49,108 [DEBUG] PyQt5.uic.uiparser: pop widget QComboBox comboBox_type_of_scope
2026-05-22 13:03:49,108 [DEBUG] PyQt5.uic.uiparser: new topwidget self.groupBox_3
2026-05-22 13:03:49,108 [DEBUG] PyQt5.uic.properties: setting property geometry
2026-05-22 13:03:49,108 [DEBUG] PyQt5.uic.properties: setting property text
2026-05-22 13:03:49,108 [DEBUG] PyQt5.uic.uiparser: push QPushButton pushButton_set_hardware_ports
2026-05-22 13:03:49,108 [DEBUG] PyQt5.uic.uiparser: pop widget QPushButton pushButton_set_hardware_ports
2026-05-22 13:03:49,109 [DEBUG] PyQt5.uic.uiparser: new topwidget self.groupBox_3
2026-05-22 13:03:49,109 [DEBUG] PyQt5.uic.uiparser: pop widget QGroupBox groupBox_3
2026-05-22 13:03:49,109 [DEBUG] PyQt5.uic.uiparser: new topwidget self.page_hardware
2026-05-22 13:03:49,109 [DEBUG] PyQt5.uic.uiparser: pop layout QVBoxLayout verticalLayout
2026-05-22 13:03:49,109 [DEBUG] PyQt5.uic.uiparser: pop widget QWidget page_hardware
2026-05-22 13:03:49,109 [DEBUG] PyQt5.uic.uiparser: new topwidget self.Toolbox
2026-05-22 13:03:49,109 [DEBUG] PyQt5.uic.properties: setting property enabled
2026-05-22 13:03:49,109 [DEBUG] PyQt5.uic.properties: setting property geometry
2026-05-22 13:03:49,109 [DEBUG] PyQt5.uic.properties: setting property minimumSize
2026-05-22 13:03:49,109 [DEBUG] PyQt5.uic.uiparser: push QWidget page_experiment_flow
2026-05-22 13:03:49,110 [DEBUG] PyQt5.uic.properties: setting property enabled
2026-05-22 13:03:49,110 [DEBUG] PyQt5.uic.properties: setting property geometry
2026-05-22 13:03:49,110 [DEBUG] PyQt5.uic.properties: setting property currentIndex
2026-05-22 13:03:49,110 [DEBUG] PyQt5.uic.uiparser: push QTabWidget tabWidget_instruments
2026-05-22 13:03:49,110 [DEBUG] PyQt5.uic.uiparser: push QWidget groupBox_OSA_control
2026-05-22 13:03:49,110 [DEBUG] PyQt5.uic.uiparser: push QFormLayout formLayout_2
2026-05-22 13:03:49,110 [DEBUG] PyQt5.uic.properties: setting property text
2026-05-22 13:03:49,110 [DEBUG] PyQt5.uic.uiparser: push QLabel label
2026-05-22 13:03:49,110 [DEBUG] PyQt5.uic.uiparser: pop widget QLabel label
2026-05-22 13:03:49,110 [DEBUG] PyQt5.uic.uiparser: new topwidget self.groupBox_OSA_control
2026-05-22 13:03:49,110 [DEBUG] PyQt5.uic.uiparser: push QComboBox comboBox_interrogatorChannel
2026-05-22 13:03:49,111 [DEBUG] PyQt5.uic.uiparser: pop widget QComboBox comboBox_interrogatorChannel
2026-05-22 13:03:49,111 [DEBUG] PyQt5.uic.uiparser: new topwidget self.groupBox_OSA_control
2026-05-22 13:03:49,111 [DEBUG] PyQt5.uic.properties: setting property font
2026-05-22 13:03:49,111 [DEBUG] PyQt5.uic.properties: setting property text
2026-05-22 13:03:49,111 [DEBUG] PyQt5.uic.uiparser: push QPushButton pushButton_OSA_Acquire
2026-05-22 13:03:49,111 [DEBUG] PyQt5.uic.uiparser: pop widget QPushButton pushButton_OSA_Acquire
2026-05-22 13:03:49,111 [DEBUG] PyQt5.uic.uiparser: new topwidget self.groupBox_OSA_control
2026-05-22 13:03:49,111 [DEBUG] PyQt5.uic.properties: setting property font
2026-05-22 13:03:49,111 [DEBUG] PyQt5.uic.properties: setting property text
2026-05-22 13:03:49,112 [DEBUG] PyQt5.uic.properties: setting property checkable
2026-05-22 13:03:49,112 [DEBUG] PyQt5.uic.uiparser: push QPushButton pushButton_OSA_AcquireRep
2026-05-22 13:03:49,112 [DEBUG] PyQt5.uic.uiparser: pop widget QPushButton pushButton_OSA_AcquireRep
2026-05-22 13:03:49,112 [DEBUG] PyQt5.uic.uiparser: new topwidget self.groupBox_OSA_control
2026-05-22 13:03:49,112 [DEBUG] PyQt5.uic.properties: setting property text
2026-05-22 13:03:49,112 [DEBUG] PyQt5.uic.properties: setting property checkable
2026-05-22 13:03:49,112 [DEBUG] PyQt5.uic.uiparser: push QCheckBox checkBox_HighRes
2026-05-22 13:03:49,113 [DEBUG] PyQt5.uic.uiparser: pop widget QCheckBox checkBox_HighRes
2026-05-22 13:03:49,113 [DEBUG] PyQt5.uic.uiparser: new topwidget self.groupBox_OSA_control
2026-05-22 13:03:49,113 [DEBUG] PyQt5.uic.properties: setting property text
2026-05-22 13:03:49,113 [DEBUG] PyQt5.uic.uiparser: push QPushButton pushButton_OSA_AcquireAll
2026-05-22 13:03:49,113 [DEBUG] PyQt5.uic.uiparser: pop widget QPushButton pushButton_OSA_AcquireAll
2026-05-22 13:03:49,113 [DEBUG] PyQt5.uic.uiparser: new topwidget self.groupBox_OSA_control
2026-05-22 13:03:49,113 [DEBUG] PyQt5.uic.uiparser: pop layout QFormLayout formLayout_2
2026-05-22 13:03:49,113 [DEBUG] PyQt5.uic.uiparser: pop widget QWidget groupBox_OSA_control
2026-05-22 13:03:49,113 [DEBUG] PyQt5.uic.uiparser: new topwidget self.tabWidget_instruments
2026-05-22 13:03:49,113 [DEBUG] PyQt5.uic.uiparser: push QWidget groupBox_scope_control
2026-05-22 13:03:49,113 [DEBUG] PyQt5.uic.properties: setting property geometry
2026-05-22 13:03:49,113 [DEBUG] PyQt5.uic.properties: setting property text
2026-05-22 13:03:49,114 [DEBUG] PyQt5.uic.properties: setting property checkable
2026-05-22 13:03:49,114 [DEBUG] PyQt5.uic.uiparser: push QPushButton pushButton_scope_repeat
2026-05-22 13:03:49,114 [DEBUG] PyQt5.uic.uiparser: pop widget QPushButton pushButton_scope_repeat
2026-05-22 13:03:49,114 [DEBUG] PyQt5.uic.uiparser: new topwidget self.groupBox_scope_control
2026-05-22 13:03:49,114 [DEBUG] PyQt5.uic.properties: setting property geometry
2026-05-22 13:03:49,114 [DEBUG] PyQt5.uic.properties: setting property text
2026-05-22 13:03:49,114 [DEBUG] PyQt5.uic.uiparser: push QPushButton pushButton_scope_single
2026-05-22 13:03:49,114 [DEBUG] PyQt5.uic.uiparser: pop widget QPushButton pushButton_scope_single
2026-05-22 13:03:49,114 [DEBUG] PyQt5.uic.uiparser: new topwidget self.groupBox_scope_control
2026-05-22 13:03:49,114 [DEBUG] PyQt5.uic.properties: setting property geometry
2026-05-22 13:03:49,114 [DEBUG] PyQt5.uic.properties: setting property text
2026-05-22 13:03:49,115 [DEBUG] PyQt5.uic.uiparser: push QLabel label_10
2026-05-22 13:03:49,115 [DEBUG] PyQt5.uic.uiparser: pop widget QLabel label_10
2026-05-22 13:03:49,115 [DEBUG] PyQt5.uic.uiparser: new topwidget self.groupBox_scope_control
2026-05-22 13:03:49,115 [DEBUG] PyQt5.uic.properties: setting property geometry
2026-05-22 13:03:49,115 [DEBUG] PyQt5.uic.uiparser: push QWidget layoutWidget
2026-05-22 13:03:49,115 [DEBUG] PyQt5.uic.properties: setting property pyuicMargins
2026-05-22 13:03:49,115 [DEBUG] PyQt5.uic.uiparser: push QHBoxLayout horizontalLayout_3
2026-05-22 13:03:49,115 [DEBUG] PyQt5.uic.properties: setting property text
2026-05-22 13:03:49,115 [DEBUG] PyQt5.uic.uiparser: push QCheckBox checkBox_ScopeCh1
2026-05-22 13:03:49,116 [DEBUG] PyQt5.uic.uiparser: pop widget QCheckBox checkBox_ScopeCh1
2026-05-22 13:03:49,116 [DEBUG] PyQt5.uic.uiparser: new topwidget self.layoutWidget
2026-05-22 13:03:49,116 [DEBUG] PyQt5.uic.properties: setting property text
2026-05-22 13:03:49,116 [DEBUG] PyQt5.uic.uiparser: push QCheckBox checkBox_ScopeCh2
2026-05-22 13:03:49,116 [DEBUG] PyQt5.uic.uiparser: pop widget QCheckBox checkBox_ScopeCh2
2026-05-22 13:03:49,116 [DEBUG] PyQt5.uic.uiparser: new topwidget self.layoutWidget
2026-05-22 13:03:49,116 [DEBUG] PyQt5.uic.properties: setting property text
2026-05-22 13:03:49,116 [DEBUG] PyQt5.uic.uiparser: push QCheckBox checkBox_ScopeCh3
2026-05-22 13:03:49,116 [DEBUG] PyQt5.uic.uiparser: pop widget QCheckBox checkBox_ScopeCh3
2026-05-22 13:03:49,116 [DEBUG] PyQt5.uic.uiparser: new topwidget self.layoutWidget
2026-05-22 13:03:49,116 [DEBUG] PyQt5.uic.properties: setting property text
2026-05-22 13:03:49,117 [DEBUG] PyQt5.uic.uiparser: push QCheckBox checkBox_ScopeCh4
2026-05-22 13:03:49,117 [DEBUG] PyQt5.uic.uiparser: pop widget QCheckBox checkBox_ScopeCh4
2026-05-22 13:03:49,117 [DEBUG] PyQt5.uic.uiparser: new topwidget self.layoutWidget
2026-05-22 13:03:49,117 [DEBUG] PyQt5.uic.uiparser: pop layout QHBoxLayout horizontalLayout_3
2026-05-22 13:03:49,117 [DEBUG] PyQt5.uic.uiparser: pop widget QWidget layoutWidget
2026-05-22 13:03:49,117 [DEBUG] PyQt5.uic.uiparser: new topwidget self.groupBox_scope_control
2026-05-22 13:03:49,117 [DEBUG] PyQt5.uic.uiparser: pop widget QWidget groupBox_scope_control
2026-05-22 13:03:49,117 [DEBUG] PyQt5.uic.uiparser: new topwidget self.tabWidget_instruments
2026-05-22 13:03:49,117 [DEBUG] PyQt5.uic.uiparser: pop widget QTabWidget tabWidget_instruments
2026-05-22 13:03:49,117 [DEBUG] PyQt5.uic.uiparser: new topwidget self.page_experiment_flow
2026-05-22 13:03:49,117 [DEBUG] PyQt5.uic.properties: setting property enabled
2026-05-22 13:03:49,117 [DEBUG] PyQt5.uic.properties: setting property geometry
2026-05-22 13:03:49,117 [DEBUG] PyQt5.uic.properties: setting property title
2026-05-22 13:03:49,117 [DEBUG] PyQt5.uic.uiparser: push QGroupBox groupBox_stand
2026-05-22 13:03:49,118 [DEBUG] PyQt5.uic.properties: setting property geometry
2026-05-22 13:03:49,118 [DEBUG] PyQt5.uic.properties: setting property text
2026-05-22 13:03:49,118 [DEBUG] PyQt5.uic.uiparser: push QPushButton pushButton_MoveMinusX
2026-05-22 13:03:49,118 [DEBUG] PyQt5.uic.uiparser: pop widget QPushButton pushButton_MoveMinusX
2026-05-22 13:03:49,118 [DEBUG] PyQt5.uic.uiparser: new topwidget self.groupBox_stand
2026-05-22 13:03:49,118 [DEBUG] PyQt5.uic.properties: setting property geometry
2026-05-22 13:03:49,118 [DEBUG] PyQt5.uic.properties: setting property text
2026-05-22 13:03:49,118 [DEBUG] PyQt5.uic.uiparser: push QPushButton pushButton_MovePlusY
2026-05-22 13:03:49,118 [DEBUG] PyQt5.uic.uiparser: pop widget QPushButton pushButton_MovePlusY
2026-05-22 13:03:49,118 [DEBUG] PyQt5.uic.uiparser: new topwidget self.groupBox_stand
2026-05-22 13:03:49,118 [DEBUG] PyQt5.uic.properties: setting property geometry
2026-05-22 13:03:49,118 [DEBUG] PyQt5.uic.properties: setting property text
2026-05-22 13:03:49,118 [DEBUG] PyQt5.uic.uiparser: push QPushButton pushButton_MoveMinusZ
2026-05-22 13:03:49,118 [DEBUG] PyQt5.uic.uiparser: pop widget QPushButton pushButton_MoveMinusZ
2026-05-22 13:03:49,119 [DEBUG] PyQt5.uic.uiparser: new topwidget self.groupBox_stand
2026-05-22 13:03:49,119 [DEBUG] PyQt5.uic.properties: setting property geometry
2026-05-22 13:03:49,119 [DEBUG] PyQt5.uic.properties: setting property text
2026-05-22 13:03:49,119 [DEBUG] PyQt5.uic.properties: setting property alignment
2026-05-22 13:03:49,119 [DEBUG] PyQt5.uic.uiparser: push QLineEdit lineEdit_StepZ
2026-05-22 13:03:49,119 [DEBUG] PyQt5.uic.uiparser: pop widget QLineEdit lineEdit_StepZ
2026-05-22 13:03:49,119 [DEBUG] PyQt5.uic.uiparser: new topwidget self.groupBox_stand
2026-05-22 13:03:49,119 [DEBUG] PyQt5.uic.properties: setting property geometry
2026-05-22 13:03:49,119 [DEBUG] PyQt5.uic.properties: setting property text
2026-05-22 13:03:49,119 [DEBUG] PyQt5.uic.uiparser: push QPushButton pushButton_MovePlusZ
2026-05-22 13:03:49,119 [DEBUG] PyQt5.uic.uiparser: pop widget QPushButton pushButton_MovePlusZ
2026-05-22 13:03:49,119 [DEBUG] PyQt5.uic.uiparser: new topwidget self.groupBox_stand
2026-05-22 13:03:49,119 [DEBUG] PyQt5.uic.properties: setting property geometry
2026-05-22 13:03:49,120 [DEBUG] PyQt5.uic.properties: setting property text
2026-05-22 13:03:49,120 [DEBUG] PyQt5.uic.uiparser: push QPushButton pushButton_MovePlusX
2026-05-22 13:03:49,120 [DEBUG] PyQt5.uic.uiparser: pop widget QPushButton pushButton_MovePlusX
2026-05-22 13:03:49,120 [DEBUG] PyQt5.uic.uiparser: new topwidget self.groupBox_stand
2026-05-22 13:03:49,120 [DEBUG] PyQt5.uic.properties: setting property geometry
2026-05-22 13:03:49,120 [DEBUG] PyQt5.uic.properties: setting property text
2026-05-22 13:03:49,120 [DEBUG] PyQt5.uic.properties: setting property alignment
2026-05-22 13:03:49,120 [DEBUG] PyQt5.uic.uiparser: push QLineEdit lineEdit_StepY
2026-05-22 13:03:49,120 [DEBUG] PyQt5.uic.uiparser: pop widget QLineEdit lineEdit_StepY
2026-05-22 13:03:49,120 [DEBUG] PyQt5.uic.uiparser: new topwidget self.groupBox_stand
2026-05-22 13:03:49,120 [DEBUG] PyQt5.uic.properties: setting property geometry
2026-05-22 13:03:49,120 [DEBUG] PyQt5.uic.properties: setting property text
2026-05-22 13:03:49,120 [DEBUG] PyQt5.uic.uiparser: push QPushButton pushButton_MoveMinusY
2026-05-22 13:03:49,120 [DEBUG] PyQt5.uic.uiparser: pop widget QPushButton pushButton_MoveMinusY
2026-05-22 13:03:49,121 [DEBUG] PyQt5.uic.uiparser: new topwidget self.groupBox_stand
2026-05-22 13:03:49,121 [DEBUG] PyQt5.uic.properties: setting property geometry
2026-05-22 13:03:49,121 [DEBUG] PyQt5.uic.properties: setting property text
2026-05-22 13:03:49,121 [DEBUG] PyQt5.uic.properties: setting property alignment
2026-05-22 13:03:49,121 [DEBUG] PyQt5.uic.uiparser: push QLineEdit lineEdit_StepX
2026-05-22 13:03:49,121 [DEBUG] PyQt5.uic.uiparser: pop widget QLineEdit lineEdit_StepX
2026-05-22 13:03:49,121 [DEBUG] PyQt5.uic.uiparser: new topwidget self.groupBox_stand
2026-05-22 13:03:49,121 [DEBUG] PyQt5.uic.properties: setting property enabled
2026-05-22 13:03:49,121 [DEBUG] PyQt5.uic.properties: setting property geometry
2026-05-22 13:03:49,121 [DEBUG] PyQt5.uic.properties: setting property minimumSize
2026-05-22 13:03:49,121 [DEBUG] PyQt5.uic.properties: setting property title
2026-05-22 13:03:49,121 [DEBUG] PyQt5.uic.properties: setting property alignment
2026-05-22 13:03:49,122 [DEBUG] PyQt5.uic.properties: setting property flat
2026-05-22 13:03:49,122 [DEBUG] PyQt5.uic.properties: setting property checkable
2026-05-22 13:03:49,122 [DEBUG] PyQt5.uic.uiparser: push QGroupBox groupBox_6
2026-05-22 13:03:49,122 [DEBUG] PyQt5.uic.properties: setting property geometry
2026-05-22 13:03:49,122 [DEBUG] PyQt5.uic.properties: setting property text
2026-05-22 13:03:49,122 [DEBUG] PyQt5.uic.properties: setting property alignment
2026-05-22 13:03:49,122 [DEBUG] PyQt5.uic.uiparser: push QLabel label_PositionZ
2026-05-22 13:03:49,122 [DEBUG] PyQt5.uic.uiparser: pop widget QLabel label_PositionZ
2026-05-22 13:03:49,122 [DEBUG] PyQt5.uic.uiparser: new topwidget self.groupBox_6
2026-05-22 13:03:49,122 [DEBUG] PyQt5.uic.properties: setting property geometry
2026-05-22 13:03:49,122 [DEBUG] PyQt5.uic.properties: setting property text
2026-05-22 13:03:49,122 [DEBUG] PyQt5.uic.properties: setting property alignment
2026-05-22 13:03:49,123 [DEBUG] PyQt5.uic.uiparser: push QLabel label_AbsPositionX
2026-05-22 13:03:49,123 [DEBUG] PyQt5.uic.uiparser: pop widget QLabel label_AbsPositionX
2026-05-22 13:03:49,123 [DEBUG] PyQt5.uic.uiparser: new topwidget self.groupBox_6
2026-05-22 13:03:49,123 [DEBUG] PyQt5.uic.properties: setting property enabled
2026-05-22 13:03:49,123 [DEBUG] PyQt5.uic.properties: setting property geometry
2026-05-22 13:03:49,123 [DEBUG] PyQt5.uic.properties: setting property text
2026-05-22 13:03:49,123 [DEBUG] PyQt5.uic.uiparser: push QPushButton pushButton_zero_position_Y
2026-05-22 13:03:49,123 [DEBUG] PyQt5.uic.uiparser: pop widget QPushButton pushButton_zero_position_Y
2026-05-22 13:03:49,123 [DEBUG] PyQt5.uic.uiparser: new topwidget self.groupBox_6
2026-05-22 13:03:49,123 [DEBUG] PyQt5.uic.properties: setting property geometry
2026-05-22 13:03:49,123 [DEBUG] PyQt5.uic.properties: setting property text
2026-05-22 13:03:49,123 [DEBUG] PyQt5.uic.properties: setting property alignment
2026-05-22 13:03:49,123 [DEBUG] PyQt5.uic.uiparser: push QLabel label_PositionY
2026-05-22 13:03:49,124 [DEBUG] PyQt5.uic.uiparser: pop widget QLabel label_PositionY
2026-05-22 13:03:49,124 [DEBUG] PyQt5.uic.uiparser: new topwidget self.groupBox_6
2026-05-22 13:03:49,124 [DEBUG] PyQt5.uic.properties: setting property geometry
2026-05-22 13:03:49,124 [DEBUG] PyQt5.uic.properties: setting property text
2026-05-22 13:03:49,124 [DEBUG] PyQt5.uic.properties: setting property alignment
2026-05-22 13:03:49,124 [DEBUG] PyQt5.uic.uiparser: push QLabel label_PositionX
2026-05-22 13:03:49,124 [DEBUG] PyQt5.uic.uiparser: pop widget QLabel label_PositionX
2026-05-22 13:03:49,124 [DEBUG] PyQt5.uic.uiparser: new topwidget self.groupBox_6
2026-05-22 13:03:49,124 [DEBUG] PyQt5.uic.properties: setting property geometry
2026-05-22 13:03:49,125 [DEBUG] PyQt5.uic.properties: setting property text
2026-05-22 13:03:49,125 [DEBUG] PyQt5.uic.properties: setting property alignment
2026-05-22 13:03:49,125 [DEBUG] PyQt5.uic.uiparser: push QLabel label_AbsPositionY
2026-05-22 13:03:49,125 [DEBUG] PyQt5.uic.uiparser: pop widget QLabel label_AbsPositionY
2026-05-22 13:03:49,125 [DEBUG] PyQt5.uic.uiparser: new topwidget self.groupBox_6
2026-05-22 13:03:49,125 [DEBUG] PyQt5.uic.properties: setting property geometry
2026-05-22 13:03:49,125 [DEBUG] PyQt5.uic.properties: setting property text
2026-05-22 13:03:49,125 [DEBUG] PyQt5.uic.properties: setting property alignment
2026-05-22 13:03:49,125 [DEBUG] PyQt5.uic.uiparser: push QLabel label_AbsPositionZ
2026-05-22 13:03:49,125 [DEBUG] PyQt5.uic.uiparser: pop widget QLabel label_AbsPositionZ
2026-05-22 13:03:49,125 [DEBUG] PyQt5.uic.uiparser: new topwidget self.groupBox_6
2026-05-22 13:03:49,125 [DEBUG] PyQt5.uic.properties: setting property geometry
2026-05-22 13:03:49,126 [DEBUG] PyQt5.uic.properties: setting property text
2026-05-22 13:03:49,126 [DEBUG] PyQt5.uic.uiparser: push QLabel label_11
2026-05-22 13:03:49,126 [DEBUG] PyQt5.uic.uiparser: pop widget QLabel label_11
2026-05-22 13:03:49,126 [DEBUG] PyQt5.uic.uiparser: new topwidget self.groupBox_6
2026-05-22 13:03:49,126 [DEBUG] PyQt5.uic.properties: setting property geometry
2026-05-22 13:03:49,126 [DEBUG] PyQt5.uic.properties: setting property text
2026-05-22 13:03:49,126 [DEBUG] PyQt5.uic.uiparser: push QLabel label_12
2026-05-22 13:03:49,126 [DEBUG] PyQt5.uic.uiparser: pop widget QLabel label_12
2026-05-22 13:03:49,126 [DEBUG] PyQt5.uic.uiparser: new topwidget self.groupBox_6
2026-05-22 13:03:49,126 [DEBUG] PyQt5.uic.properties: setting property geometry
2026-05-22 13:03:49,126 [DEBUG] PyQt5.uic.properties: setting property text
2026-05-22 13:03:49,127 [DEBUG] PyQt5.uic.uiparser: push QPushButton pushButton_zero_position_X
2026-05-22 13:03:49,127 [DEBUG] PyQt5.uic.uiparser: pop widget QPushButton pushButton_zero_position_X
2026-05-22 13:03:49,127 [DEBUG] PyQt5.uic.uiparser: new topwidget self.groupBox_6
2026-05-22 13:03:49,127 [DEBUG] PyQt5.uic.properties: setting property enabled
2026-05-22 13:03:49,127 [DEBUG] PyQt5.uic.properties: setting property geometry
2026-05-22 13:03:49,127 [DEBUG] PyQt5.uic.properties: setting property text
2026-05-22 13:03:49,127 [DEBUG] PyQt5.uic.uiparser: push QPushButton pushButton_zero_position_Z
2026-05-22 13:03:49,127 [DEBUG] PyQt5.uic.uiparser: pop widget QPushButton pushButton_zero_position_Z
2026-05-22 13:03:49,127 [DEBUG] PyQt5.uic.uiparser: new topwidget self.groupBox_6
2026-05-22 13:03:49,127 [DEBUG] PyQt5.uic.uiparser: pop widget QGroupBox groupBox_6
2026-05-22 13:03:49,127 [DEBUG] PyQt5.uic.uiparser: new topwidget self.groupBox_stand
2026-05-22 13:03:49,127 [DEBUG] PyQt5.uic.uiparser: pop widget QGroupBox groupBox_stand
2026-05-22 13:03:49,127 [DEBUG] PyQt5.uic.uiparser: new topwidget self.page_experiment_flow
2026-05-22 13:03:49,127 [DEBUG] PyQt5.uic.properties: setting property geometry
2026-05-22 13:03:49,128 [DEBUG] PyQt5.uic.properties: setting property sizePolicy
2026-05-22 13:03:49,128 [DEBUG] PyQt5.uic.properties: setting property title
2026-05-22 13:03:49,128 [DEBUG] PyQt5.uic.properties: setting property alignment
2026-05-22 13:03:49,128 [DEBUG] PyQt5.uic.uiparser: push QGroupBox groupBox_save_data
2026-05-22 13:03:49,128 [DEBUG] PyQt5.uic.properties: setting property geometry
2026-05-22 13:03:49,128 [DEBUG] PyQt5.uic.properties: setting property text
2026-05-22 13:03:49,128 [DEBUG] PyQt5.uic.properties: setting property alignment
2026-05-22 13:03:49,128 [DEBUG] PyQt5.uic.uiparser: push QLineEdit lineEdit_saveSpectrumName
2026-05-22 13:03:49,128 [DEBUG] PyQt5.uic.uiparser: pop widget QLineEdit lineEdit_saveSpectrumName
2026-05-22 13:03:49,129 [DEBUG] PyQt5.uic.uiparser: new topwidget self.groupBox_save_data
2026-05-22 13:03:49,129 [DEBUG] PyQt5.uic.properties: setting property geometry
2026-05-22 13:03:49,129 [DEBUG] PyQt5.uic.properties: setting property text
2026-05-22 13:03:49,129 [DEBUG] PyQt5.uic.uiparser: push QPushButton pushButton_save_data
2026-05-22 13:03:49,129 [DEBUG] PyQt5.uic.uiparser: pop widget QPushButton pushButton_save_data
2026-05-22 13:03:49,129 [DEBUG] PyQt5.uic.uiparser: new topwidget self.groupBox_save_data
2026-05-22 13:03:49,129 [DEBUG] PyQt5.uic.properties: setting property geometry
2026-05-22 13:03:49,129 [DEBUG] PyQt5.uic.properties: setting property text
2026-05-22 13:03:49,129 [DEBUG] PyQt5.uic.uiparser: push QPushButton pushButton_processTDData
2026-05-22 13:03:49,129 [DEBUG] PyQt5.uic.uiparser: pop widget QPushButton pushButton_processTDData
2026-05-22 13:03:49,129 [DEBUG] PyQt5.uic.uiparser: new topwidget self.groupBox_save_data
2026-05-22 13:03:49,129 [DEBUG] PyQt5.uic.properties: setting property geometry
2026-05-22 13:03:49,129 [DEBUG] PyQt5.uic.properties: setting property font
2026-05-22 13:03:49,130 [DEBUG] PyQt5.uic.properties: setting property toolTip
2026-05-22 13:03:49,130 [DEBUG] PyQt5.uic.properties: setting property text
2026-05-22 13:03:49,130 [DEBUG] PyQt5.uic.uiparser: push QPushButton pushButton_process_measured_spectral_data
2026-05-22 13:03:49,130 [DEBUG] PyQt5.uic.uiparser: pop widget QPushButton pushButton_process_measured_spectral_data
2026-05-22 13:03:49,130 [DEBUG] PyQt5.uic.uiparser: new topwidget self.groupBox_save_data
2026-05-22 13:03:49,130 [DEBUG] PyQt5.uic.properties: setting property geometry
2026-05-22 13:03:49,130 [DEBUG] PyQt5.uic.properties: setting property toolTip
2026-05-22 13:03:49,130 [DEBUG] PyQt5.uic.properties: setting property sizeAdjustPolicy
2026-05-22 13:03:49,130 [DEBUG] PyQt5.uic.uiparser: push QComboBox comboBox_TD_channel_to_plot
2026-05-22 13:03:49,131 [DEBUG] PyQt5.uic.uiparser: pop widget QComboBox comboBox_TD_channel_to_plot
2026-05-22 13:03:49,131 [DEBUG] PyQt5.uic.uiparser: new topwidget self.groupBox_save_data
2026-05-22 13:03:49,131 [DEBUG] PyQt5.uic.properties: setting property geometry
2026-05-22 13:03:49,131 [DEBUG] PyQt5.uic.properties: setting property text
2026-05-22 13:03:49,131 [DEBUG] PyQt5.uic.uiparser: push QPushButton pushButton_plotSampleShape
2026-05-22 13:03:49,131 [DEBUG] PyQt5.uic.uiparser: pop widget QPushButton pushButton_plotSampleShape
2026-05-22 13:03:49,131 [DEBUG] PyQt5.uic.uiparser: new topwidget self.groupBox_save_data
2026-05-22 13:03:49,131 [DEBUG] PyQt5.uic.properties: setting property geometry
2026-05-22 13:03:49,131 [DEBUG] PyQt5.uic.properties: setting property text
2026-05-22 13:03:49,131 [DEBUG] PyQt5.uic.uiparser: push QPushButton pushButton_set_spectral_processor_parameters_2
2026-05-22 13:03:49,131 [DEBUG] PyQt5.uic.uiparser: pop widget QPushButton pushButton_set_spectral_processor_parameters_2
2026-05-22 13:03:49,131 [DEBUG] PyQt5.uic.uiparser: new topwidget self.groupBox_save_data
2026-05-22 13:03:49,131 [DEBUG] PyQt5.uic.uiparser: pop widget QGroupBox groupBox_save_data
2026-05-22 13:03:49,131 [DEBUG] PyQt5.uic.uiparser: new topwidget self.page_experiment_flow
2026-05-22 13:03:49,132 [DEBUG] PyQt5.uic.properties: setting property enabled
2026-05-22 13:03:49,132 [DEBUG] PyQt5.uic.properties: setting property geometry
2026-05-22 13:03:49,132 [DEBUG] PyQt5.uic.properties: setting property title
2026-05-22 13:03:49,132 [DEBUG] PyQt5.uic.uiparser: push QGroupBox groupBox_Scanning
2026-05-22 13:03:49,132 [DEBUG] PyQt5.uic.properties: setting property geometry
2026-05-22 13:03:49,132 [DEBUG] PyQt5.uic.properties: setting property font
2026-05-22 13:03:49,132 [DEBUG] PyQt5.uic.properties: setting property text
2026-05-22 13:03:49,132 [DEBUG] PyQt5.uic.properties: setting property checkable
2026-05-22 13:03:49,132 [DEBUG] PyQt5.uic.uiparser: push QPushButton pushButton_scan_in_space
2026-05-22 13:03:49,132 [DEBUG] PyQt5.uic.uiparser: pop widget QPushButton pushButton_scan_in_space
2026-05-22 13:03:49,132 [DEBUG] PyQt5.uic.uiparser: new topwidget self.groupBox_Scanning
2026-05-22 13:03:49,132 [DEBUG] PyQt5.uic.properties: setting property geometry
2026-05-22 13:03:49,132 [DEBUG] PyQt5.uic.properties: setting property text
2026-05-22 13:03:49,133 [DEBUG] PyQt5.uic.uiparser: push QPushButton pushButton_set_scanning_parameters
2026-05-22 13:03:49,133 [DEBUG] PyQt5.uic.uiparser: pop widget QPushButton pushButton_set_scanning_parameters
2026-05-22 13:03:49,133 [DEBUG] PyQt5.uic.uiparser: new topwidget self.groupBox_Scanning
2026-05-22 13:03:49,133 [DEBUG] PyQt5.uic.properties: setting property geometry
2026-05-22 13:03:49,133 [DEBUG] PyQt5.uic.properties: setting property text
2026-05-22 13:03:49,133 [DEBUG] PyQt5.uic.properties: setting property alignment
2026-05-22 13:03:49,133 [DEBUG] PyQt5.uic.uiparser: push QLabel label_scanning_index_status
2026-05-22 13:03:49,133 [DEBUG] PyQt5.uic.uiparser: pop widget QLabel label_scanning_index_status
2026-05-22 13:03:49,133 [DEBUG] PyQt5.uic.uiparser: new topwidget self.groupBox_Scanning
2026-05-22 13:03:49,133 [DEBUG] PyQt5.uic.properties: setting property geometry
2026-05-22 13:03:49,133 [DEBUG] PyQt5.uic.properties: setting property text
2026-05-22 13:03:49,133 [DEBUG] PyQt5.uic.properties: setting property alignment
2026-05-22 13:03:49,134 [DEBUG] PyQt5.uic.uiparser: push QLabel label_scanning_axis
2026-05-22 13:03:49,134 [DEBUG] PyQt5.uic.uiparser: pop widget QLabel label_scanning_axis
2026-05-22 13:03:49,134 [DEBUG] PyQt5.uic.uiparser: new topwidget self.groupBox_Scanning
2026-05-22 13:03:49,134 [DEBUG] PyQt5.uic.properties: setting property geometry
2026-05-22 13:03:49,134 [DEBUG] PyQt5.uic.properties: setting property text
2026-05-22 13:03:49,134 [DEBUG] PyQt5.uic.properties: setting property alignment
2026-05-22 13:03:49,134 [DEBUG] PyQt5.uic.uiparser: push QLabel label_scanning_final_position
2026-05-22 13:03:49,134 [DEBUG] PyQt5.uic.uiparser: pop widget QLabel label_scanning_final_position
2026-05-22 13:03:49,134 [DEBUG] PyQt5.uic.uiparser: new topwidget self.groupBox_Scanning
2026-05-22 13:03:49,134 [DEBUG] PyQt5.uic.properties: setting property geometry
2026-05-22 13:03:49,134 [DEBUG] PyQt5.uic.properties: setting property text
2026-05-22 13:03:49,134 [DEBUG] PyQt5.uic.properties: setting property alignment
2026-05-22 13:03:49,134 [DEBUG] PyQt5.uic.uiparser: push QLabel label_2
2026-05-22 13:03:49,135 [DEBUG] PyQt5.uic.uiparser: pop widget QLabel label_2
2026-05-22 13:03:49,135 [DEBUG] PyQt5.uic.uiparser: new topwidget self.groupBox_Scanning
2026-05-22 13:03:49,135 [DEBUG] PyQt5.uic.properties: setting property geometry
2026-05-22 13:03:49,135 [DEBUG] PyQt5.uic.properties: setting property text
2026-05-22 13:03:49,135 [DEBUG] PyQt5.uic.properties: setting property alignment
2026-05-22 13:03:49,135 [DEBUG] PyQt5.uic.uiparser: push QLabel label_4
2026-05-22 13:03:49,135 [DEBUG] PyQt5.uic.uiparser: pop widget QLabel label_4
2026-05-22 13:03:49,135 [DEBUG] PyQt5.uic.uiparser: new topwidget self.groupBox_Scanning
2026-05-22 13:03:49,135 [DEBUG] PyQt5.uic.uiparser: pop widget QGroupBox groupBox_Scanning
2026-05-22 13:03:49,135 [DEBUG] PyQt5.uic.uiparser: new topwidget self.page_experiment_flow
2026-05-22 13:03:49,135 [DEBUG] PyQt5.uic.properties: setting property enabled
2026-05-22 13:03:49,135 [DEBUG] PyQt5.uic.properties: setting property geometry
2026-05-22 13:03:49,135 [DEBUG] PyQt5.uic.properties: setting property font
2026-05-22 13:03:49,136 [DEBUG] PyQt5.uic.properties: setting property title
2026-05-22 13:03:49,136 [DEBUG] PyQt5.uic.properties: setting property flat
2026-05-22 13:03:49,136 [DEBUG] PyQt5.uic.uiparser: push QGroupBox groupBox_piezo
2026-05-22 13:03:49,136 [DEBUG] PyQt5.uic.properties: setting property geometry
2026-05-22 13:03:49,136 [DEBUG] PyQt5.uic.properties: setting property text
2026-05-22 13:03:49,136 [DEBUG] PyQt5.uic.properties: setting property alignment
2026-05-22 13:03:49,136 [DEBUG] PyQt5.uic.properties: setting property dragEnabled
2026-05-22 13:03:49,136 [DEBUG] PyQt5.uic.uiparser: push QLineEdit lineEdit_piezo_step
2026-05-22 13:03:49,136 [DEBUG] PyQt5.uic.uiparser: pop widget QLineEdit lineEdit_piezo_step
2026-05-22 13:03:49,136 [DEBUG] PyQt5.uic.uiparser: new topwidget self.groupBox_piezo
2026-05-22 13:03:49,136 [DEBUG] PyQt5.uic.properties: setting property geometry
2026-05-22 13:03:49,136 [DEBUG] PyQt5.uic.properties: setting property text
2026-05-22 13:03:49,136 [DEBUG] PyQt5.uic.uiparser: push QPushButton pushButton_piezo_incr_Z
2026-05-22 13:03:49,136 [DEBUG] PyQt5.uic.uiparser: pop widget QPushButton pushButton_piezo_incr_Z
2026-05-22 13:03:49,137 [DEBUG] PyQt5.uic.uiparser: new topwidget self.groupBox_piezo
2026-05-22 13:03:49,137 [DEBUG] PyQt5.uic.properties: setting property geometry
2026-05-22 13:03:49,137 [DEBUG] PyQt5.uic.properties: setting property text
2026-05-22 13:03:49,137 [DEBUG] PyQt5.uic.uiparser: push QPushButton pushButton_piezo_decr_Z
2026-05-22 13:03:49,137 [DEBUG] PyQt5.uic.uiparser: pop widget QPushButton pushButton_piezo_decr_Z
2026-05-22 13:03:49,137 [DEBUG] PyQt5.uic.uiparser: new topwidget self.groupBox_piezo
2026-05-22 13:03:49,137 [DEBUG] PyQt5.uic.properties: setting property geometry
2026-05-22 13:03:49,137 [DEBUG] PyQt5.uic.properties: setting property text
2026-05-22 13:03:49,137 [DEBUG] PyQt5.uic.uiparser: push QPushButton pushButton_SetZero
2026-05-22 13:03:49,137 [DEBUG] PyQt5.uic.uiparser: pop widget QPushButton pushButton_SetZero
2026-05-22 13:03:49,137 [DEBUG] PyQt5.uic.uiparser: new topwidget self.groupBox_piezo
2026-05-22 13:03:49,137 [DEBUG] PyQt5.uic.properties: setting property geometry
2026-05-22 13:03:49,137 [DEBUG] PyQt5.uic.properties: setting property text
2026-05-22 13:03:49,137 [DEBUG] PyQt5.uic.properties: setting property alignment
2026-05-22 13:03:49,138 [DEBUG] PyQt5.uic.uiparser: push QLabel label_piezo_abs_position
2026-05-22 13:03:49,138 [DEBUG] PyQt5.uic.uiparser: pop widget QLabel label_piezo_abs_position
2026-05-22 13:03:49,138 [DEBUG] PyQt5.uic.uiparser: new topwidget self.groupBox_piezo
2026-05-22 13:03:49,138 [DEBUG] PyQt5.uic.properties: setting property geometry
2026-05-22 13:03:49,138 [DEBUG] PyQt5.uic.properties: setting property text
2026-05-22 13:03:49,138 [DEBUG] PyQt5.uic.properties: setting property alignment
2026-05-22 13:03:49,138 [DEBUG] PyQt5.uic.uiparser: push QLabel label_piezo_rel_position
2026-05-22 13:03:49,138 [DEBUG] PyQt5.uic.uiparser: pop widget QLabel label_piezo_rel_position
2026-05-22 13:03:49,138 [DEBUG] PyQt5.uic.uiparser: new topwidget self.groupBox_piezo
2026-05-22 13:03:49,139 [DEBUG] PyQt5.uic.properties: setting property geometry
2026-05-22 13:03:49,139 [DEBUG] PyQt5.uic.properties: setting property text
2026-05-22 13:03:49,139 [DEBUG] PyQt5.uic.uiparser: push QLabel label_13
2026-05-22 13:03:49,139 [DEBUG] PyQt5.uic.uiparser: pop widget QLabel label_13
2026-05-22 13:03:49,139 [DEBUG] PyQt5.uic.uiparser: new topwidget self.groupBox_piezo
2026-05-22 13:03:49,139 [DEBUG] PyQt5.uic.properties: setting property geometry
2026-05-22 13:03:49,139 [DEBUG] PyQt5.uic.properties: setting property text
2026-05-22 13:03:49,139 [DEBUG] PyQt5.uic.uiparser: push QLabel label_15
2026-05-22 13:03:49,139 [DEBUG] PyQt5.uic.uiparser: pop widget QLabel label_15
2026-05-22 13:03:49,139 [DEBUG] PyQt5.uic.uiparser: new topwidget self.groupBox_piezo
2026-05-22 13:03:49,139 [DEBUG] PyQt5.uic.uiparser: pop widget QGroupBox groupBox_piezo
2026-05-22 13:03:49,140 [DEBUG] PyQt5.uic.uiparser: new topwidget self.page_experiment_flow
2026-05-22 13:03:49,140 [DEBUG] PyQt5.uic.uiparser: pop widget QWidget page_experiment_flow
2026-05-22 13:03:49,140 [DEBUG] PyQt5.uic.uiparser: new topwidget self.Toolbox
2026-05-22 13:03:49,140 [DEBUG] PyQt5.uic.properties: setting property geometry
2026-05-22 13:03:49,140 [DEBUG] PyQt5.uic.properties: setting property minimumSize
2026-05-22 13:03:49,140 [DEBUG] PyQt5.uic.uiparser: push QWidget page_laser_control
2026-05-22 13:03:49,140 [DEBUG] PyQt5.uic.properties: setting property enabled
2026-05-22 13:03:49,140 [DEBUG] PyQt5.uic.properties: setting property geometry
2026-05-22 13:03:49,140 [DEBUG] PyQt5.uic.properties: setting property title
2026-05-22 13:03:49,140 [DEBUG] PyQt5.uic.uiparser: push QGroupBox groupBox_laser_scanning
2026-05-22 13:03:49,141 [DEBUG] PyQt5.uic.properties: setting property geometry
2026-05-22 13:03:49,141 [DEBUG] PyQt5.uic.properties: setting property text
2026-05-22 13:03:49,141 [DEBUG] PyQt5.uic.properties: setting property alignment
2026-05-22 13:03:49,141 [DEBUG] PyQt5.uic.uiparser: push QLineEdit lineEdit_laser_scanning_max_detuning
2026-05-22 13:03:49,141 [DEBUG] PyQt5.uic.uiparser: pop widget QLineEdit lineEdit_laser_scanning_max_detuning
2026-05-22 13:03:49,141 [DEBUG] PyQt5.uic.uiparser: new topwidget self.groupBox_laser_scanning
2026-05-22 13:03:49,141 [DEBUG] PyQt5.uic.properties: setting property geometry
2026-05-22 13:03:49,141 [DEBUG] PyQt5.uic.properties: setting property text
2026-05-22 13:03:49,141 [DEBUG] PyQt5.uic.uiparser: push QLabel label_18
2026-05-22 13:03:49,142 [DEBUG] PyQt5.uic.uiparser: pop widget QLabel label_18
2026-05-22 13:03:49,142 [DEBUG] PyQt5.uic.uiparser: new topwidget self.groupBox_laser_scanning
2026-05-22 13:03:49,142 [DEBUG] PyQt5.uic.properties: setting property enabled
2026-05-22 13:03:49,142 [DEBUG] PyQt5.uic.properties: setting property geometry
2026-05-22 13:03:49,142 [DEBUG] PyQt5.uic.properties: setting property text
2026-05-22 13:03:49,142 [DEBUG] PyQt5.uic.properties: setting property alignment
2026-05-22 13:03:49,143 [DEBUG] PyQt5.uic.uiparser: push QLineEdit lineEdit_laser_lambda_scanning_step
2026-05-22 13:03:49,143 [DEBUG] PyQt5.uic.uiparser: pop widget QLineEdit lineEdit_laser_lambda_scanning_step
2026-05-22 13:03:49,143 [DEBUG] PyQt5.uic.uiparser: new topwidget self.groupBox_laser_scanning
2026-05-22 13:03:49,143 [DEBUG] PyQt5.uic.properties: setting property geometry
2026-05-22 13:03:49,144 [DEBUG] PyQt5.uic.properties: setting property text
2026-05-22 13:03:49,146 [DEBUG] PyQt5.uic.uiparser: push QLabel label_19
2026-05-22 13:03:49,146 [DEBUG] PyQt5.uic.uiparser: pop widget QLabel label_19
2026-05-22 13:03:49,146 [DEBUG] PyQt5.uic.uiparser: new topwidget self.groupBox_laser_scanning
2026-05-22 13:03:49,147 [DEBUG] PyQt5.uic.properties: setting property enabled
2026-05-22 13:03:49,147 [DEBUG] PyQt5.uic.properties: setting property geometry
2026-05-22 13:03:49,147 [DEBUG] PyQt5.uic.properties: setting property text
2026-05-22 13:03:49,147 [DEBUG] PyQt5.uic.properties: setting property checkable
2026-05-22 13:03:49,147 [DEBUG] PyQt5.uic.uiparser: push QPushButton pushButton_scan_laser_wavelength
2026-05-22 13:03:49,148 [DEBUG] PyQt5.uic.uiparser: pop widget QPushButton pushButton_scan_laser_wavelength
2026-05-22 13:03:49,148 [DEBUG] PyQt5.uic.uiparser: new topwidget self.groupBox_laser_scanning
2026-05-22 13:03:49,148 [DEBUG] PyQt5.uic.properties: setting property enabled
2026-05-22 13:03:49,148 [DEBUG] PyQt5.uic.properties: setting property geometry
2026-05-22 13:03:49,148 [DEBUG] PyQt5.uic.properties: setting property text
2026-05-22 13:03:49,148 [DEBUG] PyQt5.uic.properties: setting property checked
2026-05-22 13:03:49,148 [DEBUG] PyQt5.uic.uiparser: push QCheckBox checkBox_OSA_for_laser_scanning
2026-05-22 13:03:49,148 [DEBUG] PyQt5.uic.uiparser: pop widget QCheckBox checkBox_OSA_for_laser_scanning
2026-05-22 13:03:49,148 [DEBUG] PyQt5.uic.uiparser: new topwidget self.groupBox_laser_scanning
2026-05-22 13:03:49,148 [DEBUG] PyQt5.uic.properties: setting property enabled
2026-05-22 13:03:49,149 [DEBUG] PyQt5.uic.properties: setting property geometry
2026-05-22 13:03:49,149 [DEBUG] PyQt5.uic.properties: setting property text
2026-05-22 13:03:49,149 [DEBUG] PyQt5.uic.properties: setting property checked
2026-05-22 13:03:49,149 [DEBUG] PyQt5.uic.uiparser: push QCheckBox checkBox_powermeter_for_laser_scanning
2026-05-22 13:03:49,149 [DEBUG] PyQt5.uic.uiparser: pop widget QCheckBox checkBox_powermeter_for_laser_scanning
2026-05-22 13:03:49,149 [DEBUG] PyQt5.uic.uiparser: new topwidget self.groupBox_laser_scanning
2026-05-22 13:03:49,149 [DEBUG] PyQt5.uic.properties: setting property enabled
2026-05-22 13:03:49,149 [DEBUG] PyQt5.uic.properties: setting property geometry
2026-05-22 13:03:49,149 [DEBUG] PyQt5.uic.properties: setting property text
2026-05-22 13:03:49,149 [DEBUG] PyQt5.uic.properties: setting property checkable
2026-05-22 13:03:49,149 [DEBUG] PyQt5.uic.uiparser: push QPushButton pushButton_hold_laser_wavelength
2026-05-22 13:03:49,149 [DEBUG] PyQt5.uic.uiparser: pop widget QPushButton pushButton_hold_laser_wavelength
2026-05-22 13:03:49,149 [DEBUG] PyQt5.uic.uiparser: new topwidget self.groupBox_laser_scanning
2026-05-22 13:03:49,149 [DEBUG] PyQt5.uic.uiparser: pop widget QGroupBox groupBox_laser_scanning
2026-05-22 13:03:49,149 [DEBUG] PyQt5.uic.uiparser: new topwidget self.page_laser_control
2026-05-22 13:03:49,150 [DEBUG] PyQt5.uic.properties: setting property enabled
2026-05-22 13:03:49,150 [DEBUG] PyQt5.uic.properties: setting property geometry
2026-05-22 13:03:49,150 [DEBUG] PyQt5.uic.properties: setting property title
2026-05-22 13:03:49,150 [DEBUG] PyQt5.uic.uiparser: push QGroupBox groupBox_laser_operation
2026-05-22 13:03:49,150 [DEBUG] PyQt5.uic.properties: setting property enabled
2026-05-22 13:03:49,150 [DEBUG] PyQt5.uic.properties: setting property geometry
2026-05-22 13:03:49,150 [DEBUG] PyQt5.uic.properties: setting property text
2026-05-22 13:03:49,150 [DEBUG] PyQt5.uic.properties: setting property alignment
2026-05-22 13:03:49,150 [DEBUG] PyQt5.uic.uiparser: push QLineEdit lineEdit_laser_lambda
2026-05-22 13:03:49,150 [DEBUG] PyQt5.uic.uiparser: pop widget QLineEdit lineEdit_laser_lambda
2026-05-22 13:03:49,150 [DEBUG] PyQt5.uic.uiparser: new topwidget self.groupBox_laser_operation
2026-05-22 13:03:49,150 [DEBUG] PyQt5.uic.properties: setting property geometry
2026-05-22 13:03:49,150 [DEBUG] PyQt5.uic.properties: setting property text
2026-05-22 13:03:49,151 [DEBUG] PyQt5.uic.properties: setting property alignment
2026-05-22 13:03:49,151 [DEBUG] PyQt5.uic.uiparser: push QLineEdit lineEdit_laser_power
2026-05-22 13:03:49,151 [DEBUG] PyQt5.uic.uiparser: pop widget QLineEdit lineEdit_laser_power
2026-05-22 13:03:49,151 [DEBUG] PyQt5.uic.uiparser: new topwidget self.groupBox_laser_operation
2026-05-22 13:03:49,151 [DEBUG] PyQt5.uic.properties: setting property geometry
2026-05-22 13:03:49,151 [DEBUG] PyQt5.uic.properties: setting property text
2026-05-22 13:03:49,151 [DEBUG] PyQt5.uic.uiparser: push QLabel label_21
2026-05-22 13:03:49,151 [DEBUG] PyQt5.uic.uiparser: pop widget QLabel label_21
2026-05-22 13:03:49,151 [DEBUG] PyQt5.uic.uiparser: new topwidget self.groupBox_laser_operation
2026-05-22 13:03:49,151 [DEBUG] PyQt5.uic.properties: setting property geometry
2026-05-22 13:03:49,151 [DEBUG] PyQt5.uic.properties: setting property text
2026-05-22 13:03:49,151 [DEBUG] PyQt5.uic.uiparser: push QLabel label_22
2026-05-22 13:03:49,151 [DEBUG] PyQt5.uic.uiparser: pop widget QLabel label_22
2026-05-22 13:03:49,151 [DEBUG] PyQt5.uic.uiparser: new topwidget self.groupBox_laser_operation
2026-05-22 13:03:49,152 [DEBUG] PyQt5.uic.properties: setting property enabled
2026-05-22 13:03:49,152 [DEBUG] PyQt5.uic.properties: setting property geometry
2026-05-22 13:03:49,152 [DEBUG] PyQt5.uic.properties: setting property text
2026-05-22 13:03:49,152 [DEBUG] PyQt5.uic.properties: setting property checkable
2026-05-22 13:03:49,152 [DEBUG] PyQt5.uic.properties: setting property checked
2026-05-22 13:03:49,152 [DEBUG] PyQt5.uic.uiparser: push QPushButton pushButton_laser_On
2026-05-22 13:03:49,152 [DEBUG] PyQt5.uic.uiparser: pop widget QPushButton pushButton_laser_On
2026-05-22 13:03:49,152 [DEBUG] PyQt5.uic.uiparser: new topwidget self.groupBox_laser_operation
2026-05-22 13:03:49,152 [DEBUG] PyQt5.uic.properties: setting property enabled
2026-05-22 13:03:49,152 [DEBUG] PyQt5.uic.properties: setting property geometry
2026-05-22 13:03:49,152 [DEBUG] PyQt5.uic.properties: setting property text
2026-05-22 13:03:49,152 [DEBUG] PyQt5.uic.properties: setting property alignment
2026-05-22 13:03:49,152 [DEBUG] PyQt5.uic.uiparser: push QLineEdit lineEdit_laser_fine_tune
2026-05-22 13:03:49,153 [DEBUG] PyQt5.uic.uiparser: pop widget QLineEdit lineEdit_laser_fine_tune
2026-05-22 13:03:49,153 [DEBUG] PyQt5.uic.uiparser: new topwidget self.groupBox_laser_operation
2026-05-22 13:03:49,153 [DEBUG] PyQt5.uic.properties: setting property geometry
2026-05-22 13:03:49,153 [DEBUG] PyQt5.uic.properties: setting property text
2026-05-22 13:03:49,153 [DEBUG] PyQt5.uic.uiparser: push QLabel label_23
2026-05-22 13:03:49,153 [DEBUG] PyQt5.uic.uiparser: pop widget QLabel label_23
2026-05-22 13:03:49,153 [DEBUG] PyQt5.uic.uiparser: new topwidget self.groupBox_laser_operation
2026-05-22 13:03:49,153 [DEBUG] PyQt5.uic.properties: setting property enabled
2026-05-22 13:03:49,153 [DEBUG] PyQt5.uic.properties: setting property geometry
2026-05-22 13:03:49,153 [DEBUG] PyQt5.uic.properties: setting property editable
2026-05-22 13:03:49,153 [DEBUG] PyQt5.uic.uiparser: push QComboBox comboBox_laser_mode
2026-05-22 13:03:49,153 [DEBUG] PyQt5.uic.uiparser: pop widget QComboBox comboBox_laser_mode
2026-05-22 13:03:49,154 [DEBUG] PyQt5.uic.uiparser: new topwidget self.groupBox_laser_operation
2026-05-22 13:03:49,154 [DEBUG] PyQt5.uic.properties: setting property geometry
2026-05-22 13:03:49,154 [DEBUG] PyQt5.uic.properties: setting property text
2026-05-22 13:03:49,154 [DEBUG] PyQt5.uic.properties: setting property alignment
2026-05-22 13:03:49,154 [DEBUG] PyQt5.uic.uiparser: push QLabel label_25
2026-05-22 13:03:49,154 [DEBUG] PyQt5.uic.uiparser: pop widget QLabel label_25
2026-05-22 13:03:49,154 [DEBUG] PyQt5.uic.uiparser: new topwidget self.groupBox_laser_operation
2026-05-22 13:03:49,154 [DEBUG] PyQt5.uic.properties: setting property geometry
2026-05-22 13:03:49,154 [DEBUG] PyQt5.uic.properties: setting property text
2026-05-22 13:03:49,154 [DEBUG] PyQt5.uic.uiparser: push QLabel label_20
2026-05-22 13:03:49,154 [DEBUG] PyQt5.uic.uiparser: pop widget QLabel label_20
2026-05-22 13:03:49,154 [DEBUG] PyQt5.uic.uiparser: new topwidget self.groupBox_laser_operation
2026-05-22 13:03:49,154 [DEBUG] PyQt5.uic.properties: setting property enabled
2026-05-22 13:03:49,154 [DEBUG] PyQt5.uic.properties: setting property geometry
2026-05-22 13:03:49,155 [DEBUG] PyQt5.uic.properties: setting property text
2026-05-22 13:03:49,155 [DEBUG] PyQt5.uic.properties: setting property alignment
2026-05-22 13:03:49,155 [DEBUG] PyQt5.uic.uiparser: push QLabel label_current_laser_wavelength
2026-05-22 13:03:49,155 [DEBUG] PyQt5.uic.uiparser: pop widget QLabel label_current_laser_wavelength
2026-05-22 13:03:49,155 [DEBUG] PyQt5.uic.uiparser: new topwidget self.groupBox_laser_operation
2026-05-22 13:03:49,155 [DEBUG] PyQt5.uic.uiparser: pop widget QGroupBox groupBox_laser_operation
2026-05-22 13:03:49,155 [DEBUG] PyQt5.uic.uiparser: new topwidget self.page_laser_control
2026-05-22 13:03:49,155 [DEBUG] PyQt5.uic.properties: setting property enabled
2026-05-22 13:03:49,155 [DEBUG] PyQt5.uic.properties: setting property geometry
2026-05-22 13:03:49,156 [DEBUG] PyQt5.uic.properties: setting property title
2026-05-22 13:03:49,156 [DEBUG] PyQt5.uic.uiparser: push QGroupBox groupBox_laser_sweeping
2026-05-22 13:03:49,156 [DEBUG] PyQt5.uic.properties: setting property geometry
2026-05-22 13:03:49,156 [DEBUG] PyQt5.uic.properties: setting property text
2026-05-22 13:03:49,156 [DEBUG] PyQt5.uic.properties: setting property alignment
2026-05-22 13:03:49,156 [DEBUG] PyQt5.uic.uiparser: push QLineEdit lineEdit_laser_lambda_sweeping_central
2026-05-22 13:03:49,156 [DEBUG] PyQt5.uic.uiparser: pop widget QLineEdit lineEdit_laser_lambda_sweeping_central
2026-05-22 13:03:49,156 [DEBUG] PyQt5.uic.uiparser: new topwidget self.groupBox_laser_sweeping
2026-05-22 13:03:49,157 [DEBUG] PyQt5.uic.properties: setting property geometry
2026-05-22 13:03:49,157 [DEBUG] PyQt5.uic.properties: setting property text
2026-05-22 13:03:49,157 [DEBUG] PyQt5.uic.properties: setting property alignment
2026-05-22 13:03:49,157 [DEBUG] PyQt5.uic.uiparser: push QLineEdit lineEdit_laser_sweeping_max_detuning
2026-05-22 13:03:49,157 [DEBUG] PyQt5.uic.uiparser: pop widget QLineEdit lineEdit_laser_sweeping_max_detuning
2026-05-22 13:03:49,157 [DEBUG] PyQt5.uic.uiparser: new topwidget self.groupBox_laser_sweeping
2026-05-22 13:03:49,157 [DEBUG] PyQt5.uic.properties: setting property geometry
2026-05-22 13:03:49,157 [DEBUG] PyQt5.uic.properties: setting property text
2026-05-22 13:03:49,157 [DEBUG] PyQt5.uic.uiparser: push QLabel label_26
2026-05-22 13:03:49,157 [DEBUG] PyQt5.uic.uiparser: pop widget QLabel label_26
2026-05-22 13:03:49,157 [DEBUG] PyQt5.uic.uiparser: new topwidget self.groupBox_laser_sweeping
2026-05-22 13:03:49,158 [DEBUG] PyQt5.uic.properties: setting property geometry
2026-05-22 13:03:49,158 [DEBUG] PyQt5.uic.properties: setting property text
2026-05-22 13:03:49,158 [DEBUG] PyQt5.uic.uiparser: push QLabel label_27
2026-05-22 13:03:49,158 [DEBUG] PyQt5.uic.uiparser: pop widget QLabel label_27
2026-05-22 13:03:49,158 [DEBUG] PyQt5.uic.uiparser: new topwidget self.groupBox_laser_sweeping
2026-05-22 13:03:49,158 [DEBUG] PyQt5.uic.properties: setting property geometry
2026-05-22 13:03:49,158 [DEBUG] PyQt5.uic.properties: setting property text
2026-05-22 13:03:49,158 [DEBUG] PyQt5.uic.properties: setting property alignment
2026-05-22 13:03:49,159 [DEBUG] PyQt5.uic.uiparser: push QLineEdit lineEdit_laser_lambda_sweeping_step
2026-05-22 13:03:49,159 [DEBUG] PyQt5.uic.uiparser: pop widget QLineEdit lineEdit_laser_lambda_sweeping_step
2026-05-22 13:03:49,159 [DEBUG] PyQt5.uic.uiparser: new topwidget self.groupBox_laser_sweeping
2026-05-22 13:03:49,159 [DEBUG] PyQt5.uic.properties: setting property geometry
2026-05-22 13:03:49,159 [DEBUG] PyQt5.uic.properties: setting property text
2026-05-22 13:03:49,159 [DEBUG] PyQt5.uic.uiparser: push QLabel label_28
2026-05-22 13:03:49,159 [DEBUG] PyQt5.uic.uiparser: pop widget QLabel label_28
2026-05-22 13:03:49,159 [DEBUG] PyQt5.uic.uiparser: new topwidget self.groupBox_laser_sweeping
2026-05-22 13:03:49,159 [DEBUG] PyQt5.uic.properties: setting property geometry
2026-05-22 13:03:49,159 [DEBUG] PyQt5.uic.properties: setting property text
2026-05-22 13:03:49,159 [DEBUG] PyQt5.uic.properties: setting property checkable
2026-05-22 13:03:49,160 [DEBUG] PyQt5.uic.uiparser: push QPushButton pushButton_sweep_laser_wavelength
2026-05-22 13:03:49,160 [DEBUG] PyQt5.uic.uiparser: pop widget QPushButton pushButton_sweep_laser_wavelength
2026-05-22 13:03:49,160 [DEBUG] PyQt5.uic.uiparser: new topwidget self.groupBox_laser_sweeping
2026-05-22 13:03:49,160 [DEBUG] PyQt5.uic.properties: setting property geometry
2026-05-22 13:03:49,160 [DEBUG] PyQt5.uic.properties: setting property text
2026-05-22 13:03:49,160 [DEBUG] PyQt5.uic.properties: setting property alignment
2026-05-22 13:03:49,160 [DEBUG] PyQt5.uic.uiparser: push QLineEdit lineEdit_laser_lambda_sweeping_delay
2026-05-22 13:03:49,160 [DEBUG] PyQt5.uic.uiparser: pop widget QLineEdit lineEdit_laser_lambda_sweeping_delay
2026-05-22 13:03:49,160 [DEBUG] PyQt5.uic.uiparser: new topwidget self.groupBox_laser_sweeping
2026-05-22 13:03:49,161 [DEBUG] PyQt5.uic.properties: setting property geometry
2026-05-22 13:03:49,161 [DEBUG] PyQt5.uic.properties: setting property text
2026-05-22 13:03:49,161 [DEBUG] PyQt5.uic.uiparser: push QLabel label_30
2026-05-22 13:03:49,161 [DEBUG] PyQt5.uic.uiparser: pop widget QLabel label_30
2026-05-22 13:03:49,161 [DEBUG] PyQt5.uic.uiparser: new topwidget self.groupBox_laser_sweeping
2026-05-22 13:03:49,161 [DEBUG] PyQt5.uic.uiparser: pop widget QGroupBox groupBox_laser_sweeping
2026-05-22 13:03:49,161 [DEBUG] PyQt5.uic.uiparser: new topwidget self.page_laser_control
2026-05-22 13:03:49,161 [DEBUG] PyQt5.uic.uiparser: pop widget QWidget page_laser_control
2026-05-22 13:03:49,161 [DEBUG] PyQt5.uic.uiparser: new topwidget self.Toolbox
2026-05-22 13:03:49,161 [DEBUG] PyQt5.uic.properties: setting property geometry
2026-05-22 13:03:49,161 [DEBUG] PyQt5.uic.uiparser: push QWidget page_processing
2026-05-22 13:03:49,161 [DEBUG] PyQt5.uic.properties: setting property geometry
2026-05-22 13:03:49,161 [DEBUG] PyQt5.uic.properties: setting property sizePolicy
2026-05-22 13:03:49,162 [DEBUG] PyQt5.uic.properties: setting property title
2026-05-22 13:03:49,162 [DEBUG] PyQt5.uic.properties: setting property alignment
2026-05-22 13:03:49,162 [DEBUG] PyQt5.uic.uiparser: push QGroupBox groupBox_processArbData
2026-05-22 13:03:49,162 [DEBUG] PyQt5.uic.properties: setting property geometry
2026-05-22 13:03:49,162 [DEBUG] PyQt5.uic.properties: setting property text
2026-05-22 13:03:49,162 [DEBUG] PyQt5.uic.uiparser: push QPushButton pushButton_process_arb_spectral_data
2026-05-22 13:03:49,162 [DEBUG] PyQt5.uic.uiparser: pop widget QPushButton pushButton_process_arb_spectral_data
2026-05-22 13:03:49,162 [DEBUG] PyQt5.uic.uiparser: new topwidget self.groupBox_processArbData
2026-05-22 13:03:49,162 [DEBUG] PyQt5.uic.properties: setting property geometry
2026-05-22 13:03:49,162 [DEBUG] PyQt5.uic.properties: setting property text
2026-05-22 13:03:49,163 [DEBUG] PyQt5.uic.uiparser: push QPushButton pushButton_plotSampleShape_arb_data
2026-05-22 13:03:49,163 [DEBUG] PyQt5.uic.uiparser: pop widget QPushButton pushButton_plotSampleShape_arb_data
2026-05-22 13:03:49,163 [DEBUG] PyQt5.uic.uiparser: new topwidget self.groupBox_processArbData
2026-05-22 13:03:49,163 [DEBUG] PyQt5.uic.properties: setting property geometry
2026-05-22 13:03:49,163 [DEBUG] PyQt5.uic.properties: setting property text
2026-05-22 13:03:49,163 [DEBUG] PyQt5.uic.uiparser: push QPushButton pushButton_set_spectral_processor_parameters
2026-05-22 13:03:49,163 [DEBUG] PyQt5.uic.uiparser: pop widget QPushButton pushButton_set_spectral_processor_parameters
2026-05-22 13:03:49,163 [DEBUG] PyQt5.uic.uiparser: new topwidget self.groupBox_processArbData
2026-05-22 13:03:49,163 [DEBUG] PyQt5.uic.uiparser: pop widget QGroupBox groupBox_processArbData
2026-05-22 13:03:49,163 [DEBUG] PyQt5.uic.uiparser: new topwidget self.page_processing
2026-05-22 13:03:49,163 [DEBUG] PyQt5.uic.properties: setting property geometry
2026-05-22 13:03:49,163 [DEBUG] PyQt5.uic.properties: setting property sizePolicy
2026-05-22 13:03:49,163 [DEBUG] PyQt5.uic.properties: setting property title
2026-05-22 13:03:49,163 [DEBUG] PyQt5.uic.properties: setting property alignment
2026-05-22 13:03:49,164 [DEBUG] PyQt5.uic.uiparser: push QGroupBox groupBox_processArbData_2
2026-05-22 13:03:49,164 [DEBUG] PyQt5.uic.uiparser: push QVBoxLayout verticalLayout_3
2026-05-22 13:03:49,164 [DEBUG] PyQt5.uic.properties: setting property text
2026-05-22 13:03:49,164 [DEBUG] PyQt5.uic.uiparser: push QPushButton pushButton_process_arb_TD_data
2026-05-22 13:03:49,164 [DEBUG] PyQt5.uic.uiparser: pop widget QPushButton pushButton_process_arb_TD_data
2026-05-22 13:03:49,164 [DEBUG] PyQt5.uic.uiparser: new topwidget self.groupBox_processArbData_2
2026-05-22 13:03:49,164 [DEBUG] PyQt5.uic.properties: setting property text
2026-05-22 13:03:49,164 [DEBUG] PyQt5.uic.uiparser: push QLabel label_31
2026-05-22 13:03:49,164 [DEBUG] PyQt5.uic.uiparser: pop widget QLabel label_31
2026-05-22 13:03:49,164 [DEBUG] PyQt5.uic.uiparser: new topwidget self.groupBox_processArbData_2
2026-05-22 13:03:49,164 [DEBUG] PyQt5.uic.properties: setting property toolTip
2026-05-22 13:03:49,164 [DEBUG] PyQt5.uic.properties: setting property sizeAdjustPolicy
2026-05-22 13:03:49,164 [DEBUG] PyQt5.uic.uiparser: push QComboBox comboBox_TD_channel_to_plot_arb_data
2026-05-22 13:03:49,164 [DEBUG] PyQt5.uic.uiparser: pop widget QComboBox comboBox_TD_channel_to_plot_arb_data
2026-05-22 13:03:49,164 [DEBUG] PyQt5.uic.uiparser: new topwidget self.groupBox_processArbData_2
2026-05-22 13:03:49,164 [DEBUG] PyQt5.uic.uiparser: pop layout QVBoxLayout verticalLayout_3
2026-05-22 13:03:49,164 [DEBUG] PyQt5.uic.uiparser: pop widget QGroupBox groupBox_processArbData_2
2026-05-22 13:03:49,164 [DEBUG] PyQt5.uic.uiparser: new topwidget self.page_processing
2026-05-22 13:03:49,165 [DEBUG] PyQt5.uic.properties: setting property geometry
2026-05-22 13:03:49,165 [DEBUG] PyQt5.uic.properties: setting property text
2026-05-22 13:03:49,165 [DEBUG] PyQt5.uic.uiparser: push QPushButton pushButton_choose_folder_to_process
2026-05-22 13:03:49,165 [DEBUG] PyQt5.uic.uiparser: pop widget QPushButton pushButton_choose_folder_to_process
2026-05-22 13:03:49,165 [DEBUG] PyQt5.uic.uiparser: new topwidget self.page_processing
2026-05-22 13:03:49,165 [DEBUG] PyQt5.uic.properties: setting property geometry
2026-05-22 13:03:49,165 [DEBUG] PyQt5.uic.properties: setting property text
2026-05-22 13:03:49,165 [DEBUG] PyQt5.uic.properties: setting property alignment
2026-05-22 13:03:49,165 [DEBUG] PyQt5.uic.uiparser: push QLabel label_folder_to_process_files
2026-05-22 13:03:49,165 [DEBUG] PyQt5.uic.uiparser: pop widget QLabel label_folder_to_process_files
2026-05-22 13:03:49,165 [DEBUG] PyQt5.uic.uiparser: new topwidget self.page_processing
2026-05-22 13:03:49,165 [DEBUG] PyQt5.uic.uiparser: pop widget QWidget page_processing
2026-05-22 13:03:49,166 [DEBUG] PyQt5.uic.uiparser: new topwidget self.Toolbox
2026-05-22 13:03:49,166 [DEBUG] PyQt5.uic.properties: setting property geometry
2026-05-22 13:03:49,166 [DEBUG] PyQt5.uic.properties: setting property minimumSize
2026-05-22 13:03:49,166 [DEBUG] PyQt5.uic.uiparser: push QWidget page_analyzer
2026-05-22 13:03:49,166 [DEBUG] PyQt5.uic.properties: setting property geometry
2026-05-22 13:03:49,166 [DEBUG] PyQt5.uic.uiparser: push QWidget layoutWidget1
2026-05-22 13:03:49,166 [DEBUG] PyQt5.uic.properties: setting property pyuicMargins
2026-05-22 13:03:49,166 [DEBUG] PyQt5.uic.uiparser: push QVBoxLayout verticalLayout_4
2026-05-22 13:03:49,167 [DEBUG] PyQt5.uic.properties: setting property minimumSize
2026-05-22 13:03:49,167 [DEBUG] PyQt5.uic.properties: setting property title
2026-05-22 13:03:49,167 [DEBUG] PyQt5.uic.uiparser: push QGroupBox parameters
2026-05-22 13:03:49,168 [DEBUG] PyQt5.uic.properties: setting property geometry
2026-05-22 13:03:49,168 [DEBUG] PyQt5.uic.properties: setting property text
2026-05-22 13:03:49,168 [DEBUG] PyQt5.uic.uiparser: push QPushButton pushButton_set_analyzer_parameters
2026-05-22 13:03:49,168 [DEBUG] PyQt5.uic.uiparser: pop widget QPushButton pushButton_set_analyzer_parameters
2026-05-22 13:03:49,168 [DEBUG] PyQt5.uic.uiparser: new topwidget self.parameters
2026-05-22 13:03:49,168 [DEBUG] PyQt5.uic.properties: setting property geometry
2026-05-22 13:03:49,168 [DEBUG] PyQt5.uic.properties: setting property text
2026-05-22 13:03:49,169 [DEBUG] PyQt5.uic.properties: setting property alignment
2026-05-22 13:03:49,169 [DEBUG] PyQt5.uic.uiparser: push QLabel label_analyzer_file
2026-05-22 13:03:49,169 [DEBUG] PyQt5.uic.uiparser: pop widget QLabel label_analyzer_file
2026-05-22 13:03:49,169 [DEBUG] PyQt5.uic.uiparser: new topwidget self.parameters
2026-05-22 13:03:49,170 [DEBUG] PyQt5.uic.properties: setting property geometry
2026-05-22 13:03:49,170 [DEBUG] PyQt5.uic.properties: setting property text
2026-05-22 13:03:49,170 [DEBUG] PyQt5.uic.uiparser: push QPushButton pushButton_analyzer_choose_file_spectrogram
2026-05-22 13:03:49,170 [DEBUG] PyQt5.uic.uiparser: pop widget QPushButton pushButton_analyzer_choose_file_spectrogram
2026-05-22 13:03:49,170 [DEBUG] PyQt5.uic.uiparser: new topwidget self.parameters
2026-05-22 13:03:49,170 [DEBUG] PyQt5.uic.uiparser: pop widget QGroupBox parameters
2026-05-22 13:03:49,170 [DEBUG] PyQt5.uic.uiparser: new topwidget self.layoutWidget1
2026-05-22 13:03:49,170 [DEBUG] PyQt5.uic.properties: setting property minimumSize
2026-05-22 13:03:49,170 [DEBUG] PyQt5.uic.properties: setting property maximumSize
2026-05-22 13:03:49,170 [DEBUG] PyQt5.uic.properties: setting property title
2026-05-22 13:03:49,171 [DEBUG] PyQt5.uic.uiparser: push QGroupBox spectrogram
2026-05-22 13:03:49,171 [DEBUG] PyQt5.uic.properties: setting property geometry
2026-05-22 13:03:49,171 [DEBUG] PyQt5.uic.properties: setting property text
2026-05-22 13:03:49,171 [DEBUG] PyQt5.uic.uiparser: push QPushButton pushButton_analyzer_plot2D
2026-05-22 13:03:49,171 [DEBUG] PyQt5.uic.uiparser: pop widget QPushButton pushButton_analyzer_plot2D
2026-05-22 13:03:49,171 [DEBUG] PyQt5.uic.uiparser: new topwidget self.spectrogram
2026-05-22 13:03:49,171 [DEBUG] PyQt5.uic.properties: setting property geometry
2026-05-22 13:03:49,171 [DEBUG] PyQt5.uic.properties: setting property text
2026-05-22 13:03:49,171 [DEBUG] PyQt5.uic.uiparser: push QPushButton pushButton_analyzer_plotSampleShape
2026-05-22 13:03:49,171 [DEBUG] PyQt5.uic.uiparser: pop widget QPushButton pushButton_analyzer_plotSampleShape
2026-05-22 13:03:49,171 [DEBUG] PyQt5.uic.uiparser: new topwidget self.spectrogram
2026-05-22 13:03:49,172 [DEBUG] PyQt5.uic.properties: setting property geometry
2026-05-22 13:03:49,172 [DEBUG] PyQt5.uic.properties: setting property title
2026-05-22 13:03:49,172 [DEBUG] PyQt5.uic.uiparser: push QGroupBox plot_slice
2026-05-22 13:03:49,172 [DEBUG] PyQt5.uic.properties: setting property geometry
2026-05-22 13:03:49,172 [DEBUG] PyQt5.uic.properties: setting property text
2026-05-22 13:03:49,172 [DEBUG] PyQt5.uic.uiparser: push QPushButton pushButton_analyzer_plotSlice
2026-05-22 13:03:49,172 [DEBUG] PyQt5.uic.uiparser: pop widget QPushButton pushButton_analyzer_plotSlice
2026-05-22 13:03:49,172 [DEBUG] PyQt5.uic.uiparser: new topwidget self.plot_slice
2026-05-22 13:03:49,172 [DEBUG] PyQt5.uic.properties: setting property geometry
2026-05-22 13:03:49,172 [DEBUG] PyQt5.uic.properties: setting property text
2026-05-22 13:03:49,172 [DEBUG] PyQt5.uic.uiparser: push QLineEdit lineEdit_slice_position
2026-05-22 13:03:49,172 [DEBUG] PyQt5.uic.uiparser: pop widget QLineEdit lineEdit_slice_position
2026-05-22 13:03:49,173 [DEBUG] PyQt5.uic.uiparser: new topwidget self.plot_slice
2026-05-22 13:03:49,173 [DEBUG] PyQt5.uic.properties: setting property geometry
2026-05-22 13:03:49,173 [DEBUG] PyQt5.uic.properties: setting property text
2026-05-22 13:03:49,173 [DEBUG] PyQt5.uic.uiparser: push QLabel label_14
2026-05-22 13:03:49,173 [DEBUG] PyQt5.uic.uiparser: pop widget QLabel label_14
2026-05-22 13:03:49,173 [DEBUG] PyQt5.uic.uiparser: new topwidget self.plot_slice
2026-05-22 13:03:49,173 [DEBUG] PyQt5.uic.properties: setting property geometry
2026-05-22 13:03:49,173 [DEBUG] PyQt5.uic.properties: setting property text
2026-05-22 13:03:49,173 [DEBUG] PyQt5.uic.uiparser: push QPushButton pushButton_delete_slice
2026-05-22 13:03:49,173 [DEBUG] PyQt5.uic.uiparser: pop widget QPushButton pushButton_delete_slice
2026-05-22 13:03:49,173 [DEBUG] PyQt5.uic.uiparser: new topwidget self.plot_slice
2026-05-22 13:03:49,174 [DEBUG] PyQt5.uic.uiparser: pop widget QGroupBox plot_slice
2026-05-22 13:03:49,174 [DEBUG] PyQt5.uic.uiparser: new topwidget self.spectrogram
2026-05-22 13:03:49,174 [DEBUG] PyQt5.uic.properties: setting property geometry
2026-05-22 13:03:49,174 [DEBUG] PyQt5.uic.properties: setting property text
2026-05-22 13:03:49,174 [DEBUG] PyQt5.uic.uiparser: push QPushButton pushButton_analyzer_choose_plotting_param_file
2026-05-22 13:03:49,174 [DEBUG] PyQt5.uic.uiparser: pop widget QPushButton pushButton_analyzer_choose_plotting_param_file
2026-05-22 13:03:49,174 [DEBUG] PyQt5.uic.uiparser: new topwidget self.spectrogram
2026-05-22 13:03:49,174 [DEBUG] PyQt5.uic.properties: setting property geometry
2026-05-22 13:03:49,174 [DEBUG] PyQt5.uic.properties: setting property text
2026-05-22 13:03:49,174 [DEBUG] PyQt5.uic.uiparser: push QPushButton pushButton_analyzer_extract_ERV
2026-05-22 13:03:49,174 [DEBUG] PyQt5.uic.uiparser: pop widget QPushButton pushButton_analyzer_extract_ERV
2026-05-22 13:03:49,174 [DEBUG] PyQt5.uic.uiparser: new topwidget self.spectrogram
2026-05-22 13:03:49,174 [DEBUG] PyQt5.uic.properties: setting property geometry
2026-05-22 13:03:49,175 [DEBUG] PyQt5.uic.properties: setting property text
2026-05-22 13:03:49,175 [DEBUG] PyQt5.uic.uiparser: push QPushButton pushButton_analyzer_apply_FFT_filter
2026-05-22 13:03:49,175 [DEBUG] PyQt5.uic.uiparser: pop widget QPushButton pushButton_analyzer_apply_FFT_filter
2026-05-22 13:03:49,175 [DEBUG] PyQt5.uic.uiparser: new topwidget self.spectrogram
2026-05-22 13:03:49,175 [DEBUG] PyQt5.uic.properties: setting property geometry
2026-05-22 13:03:49,175 [DEBUG] PyQt5.uic.properties: setting property text
2026-05-22 13:03:49,176 [DEBUG] PyQt5.uic.uiparser: push QPushButton pushButton_analyzer_plot_ERV_from_file
2026-05-22 13:03:49,176 [DEBUG] PyQt5.uic.uiparser: pop widget QPushButton pushButton_analyzer_plot_ERV_from_file
2026-05-22 13:03:49,176 [DEBUG] PyQt5.uic.uiparser: new topwidget self.spectrogram
2026-05-22 13:03:49,176 [DEBUG] PyQt5.uic.properties: setting property geometry
2026-05-22 13:03:49,176 [DEBUG] PyQt5.uic.properties: setting property text
2026-05-22 13:03:49,176 [DEBUG] PyQt5.uic.uiparser: push QPushButton pushButton_analyzer_resave_SNAP
2026-05-22 13:03:49,176 [DEBUG] PyQt5.uic.uiparser: pop widget QPushButton pushButton_analyzer_resave_SNAP
2026-05-22 13:03:49,176 [DEBUG] PyQt5.uic.uiparser: new topwidget self.spectrogram
2026-05-22 13:03:49,176 [DEBUG] PyQt5.uic.properties: setting property geometry
2026-05-22 13:03:49,177 [DEBUG] PyQt5.uic.uiparser: push QComboBox comboBox_analyzer_resave_type
2026-05-22 13:03:49,177 [DEBUG] PyQt5.uic.uiparser: pop widget QComboBox comboBox_analyzer_resave_type
2026-05-22 13:03:49,177 [DEBUG] PyQt5.uic.uiparser: new topwidget self.spectrogram
2026-05-22 13:03:49,177 [DEBUG] PyQt5.uic.properties: setting property geometry
2026-05-22 13:03:49,177 [DEBUG] PyQt5.uic.properties: setting property text
2026-05-22 13:03:49,177 [DEBUG] PyQt5.uic.uiparser: push QLabel label_3
2026-05-22 13:03:49,177 [DEBUG] PyQt5.uic.uiparser: pop widget QLabel label_3
2026-05-22 13:03:49,177 [DEBUG] PyQt5.uic.uiparser: new topwidget self.spectrogram
2026-05-22 13:03:49,177 [DEBUG] PyQt5.uic.properties: setting property geometry
2026-05-22 13:03:49,178 [DEBUG] PyQt5.uic.properties: setting property text
2026-05-22 13:03:49,178 [DEBUG] PyQt5.uic.uiparser: push QPushButton pushButton_analyzer_get_modes_params
2026-05-22 13:03:49,178 [DEBUG] PyQt5.uic.uiparser: pop widget QPushButton pushButton_analyzer_get_modes_params
2026-05-22 13:03:49,178 [DEBUG] PyQt5.uic.uiparser: new topwidget self.spectrogram
2026-05-22 13:03:49,178 [DEBUG] PyQt5.uic.properties: setting property geometry
2026-05-22 13:03:49,178 [DEBUG] PyQt5.uic.properties: setting property text
2026-05-22 13:03:49,178 [DEBUG] PyQt5.uic.properties: setting property alignment
2026-05-22 13:03:49,178 [DEBUG] PyQt5.uic.uiparser: push QLabel label_analyzer_plotting_file
2026-05-22 13:03:49,178 [DEBUG] PyQt5.uic.uiparser: pop widget QLabel label_analyzer_plotting_file
2026-05-22 13:03:49,178 [DEBUG] PyQt5.uic.uiparser: new topwidget self.spectrogram
2026-05-22 13:03:49,178 [DEBUG] PyQt5.uic.uiparser: pop widget QGroupBox spectrogram
2026-05-22 13:03:49,178 [DEBUG] PyQt5.uic.uiparser: new topwidget self.layoutWidget1
2026-05-22 13:03:49,179 [DEBUG] PyQt5.uic.properties: setting property minimumSize
2026-05-22 13:03:49,179 [DEBUG] PyQt5.uic.properties: setting property title
2026-05-22 13:03:49,179 [DEBUG] PyQt5.uic.uiparser: push QGroupBox spectrum
2026-05-22 13:03:49,179 [DEBUG] PyQt5.uic.properties: setting property geometry
2026-05-22 13:03:49,179 [DEBUG] PyQt5.uic.properties: setting property text
2026-05-22 13:03:49,179 [DEBUG] PyQt5.uic.uiparser: push QPushButton pushButton_analyzer_choose_single_spectrum
2026-05-22 13:03:49,179 [DEBUG] PyQt5.uic.uiparser: pop widget QPushButton pushButton_analyzer_choose_single_spectrum
2026-05-22 13:03:49,179 [DEBUG] PyQt5.uic.uiparser: new topwidget self.spectrum
2026-05-22 13:03:49,179 [DEBUG] PyQt5.uic.properties: setting property geometry
2026-05-22 13:03:49,179 [DEBUG] PyQt5.uic.properties: setting property text
2026-05-22 13:03:49,180 [DEBUG] PyQt5.uic.properties: setting property alignment
2026-05-22 13:03:49,180 [DEBUG] PyQt5.uic.uiparser: push QLabel label_analyzer_single_spectrum_file
2026-05-22 13:03:49,180 [DEBUG] PyQt5.uic.uiparser: pop widget QLabel label_analyzer_single_spectrum_file
2026-05-22 13:03:49,180 [DEBUG] PyQt5.uic.uiparser: new topwidget self.spectrum
2026-05-22 13:03:49,180 [DEBUG] PyQt5.uic.properties: setting property geometry
2026-05-22 13:03:49,180 [DEBUG] PyQt5.uic.properties: setting property text
2026-05-22 13:03:49,180 [DEBUG] PyQt5.uic.uiparser: push QPushButton pushButton_analyzer_plot_single_spectrum
2026-05-22 13:03:49,180 [DEBUG] PyQt5.uic.uiparser: pop widget QPushButton pushButton_analyzer_plot_single_spectrum
2026-05-22 13:03:49,180 [DEBUG] PyQt5.uic.uiparser: new topwidget self.spectrum
2026-05-22 13:03:49,180 [DEBUG] PyQt5.uic.properties: setting property geometry
2026-05-22 13:03:49,180 [DEBUG] PyQt5.uic.properties: setting property text
2026-05-22 13:03:49,180 [DEBUG] PyQt5.uic.uiparser: push QPushButton pushButton_analyzer_save_single_spectrum
2026-05-22 13:03:49,181 [DEBUG] PyQt5.uic.uiparser: pop widget QPushButton pushButton_analyzer_save_single_spectrum
2026-05-22 13:03:49,181 [DEBUG] PyQt5.uic.uiparser: new topwidget self.spectrum
2026-05-22 13:03:49,181 [DEBUG] PyQt5.uic.properties: setting property geometry
2026-05-22 13:03:49,181 [DEBUG] PyQt5.uic.properties: setting property text
2026-05-22 13:03:49,181 [DEBUG] PyQt5.uic.uiparser: push QPushButton pushButton_analyzer_analyze_spectrum
2026-05-22 13:03:49,181 [DEBUG] PyQt5.uic.uiparser: pop widget QPushButton pushButton_analyzer_analyze_spectrum
2026-05-22 13:03:49,181 [DEBUG] PyQt5.uic.uiparser: new topwidget self.spectrum
2026-05-22 13:03:49,181 [DEBUG] PyQt5.uic.properties: setting property geometry
2026-05-22 13:03:49,181 [DEBUG] PyQt5.uic.properties: setting property text
2026-05-22 13:03:49,181 [DEBUG] PyQt5.uic.uiparser: push QPushButton pushButton_analyzer_quantum_numbers_fitter
2026-05-22 13:03:49,182 [DEBUG] PyQt5.uic.uiparser: pop widget QPushButton pushButton_analyzer_quantum_numbers_fitter
2026-05-22 13:03:49,182 [DEBUG] PyQt5.uic.uiparser: new topwidget self.spectrum
2026-05-22 13:03:49,182 [DEBUG] PyQt5.uic.properties: setting property geometry
2026-05-22 13:03:49,182 [DEBUG] PyQt5.uic.properties: setting property text
2026-05-22 13:03:49,182 [DEBUG] PyQt5.uic.uiparser: push QPushButton pushButton_analyzer_apply_FFT_filter_single_spectrum
2026-05-22 13:03:49,182 [DEBUG] PyQt5.uic.uiparser: pop widget QPushButton pushButton_analyzer_apply_FFT_filter_single_spectrum
2026-05-22 13:03:49,182 [DEBUG] PyQt5.uic.uiparser: new topwidget self.spectrum
2026-05-22 13:03:49,182 [DEBUG] PyQt5.uic.uiparser: pop widget QGroupBox spectrum
2026-05-22 13:03:49,182 [DEBUG] PyQt5.uic.uiparser: new topwidget self.layoutWidget1
2026-05-22 13:03:49,182 [DEBUG] PyQt5.uic.properties: setting property minimumSize
2026-05-22 13:03:49,182 [DEBUG] PyQt5.uic.properties: setting property title
2026-05-22 13:03:49,182 [DEBUG] PyQt5.uic.uiparser: push QGroupBox oscillogram
2026-05-22 13:03:49,182 [DEBUG] PyQt5.uic.properties: setting property geometry
2026-05-22 13:03:49,183 [DEBUG] PyQt5.uic.properties: setting property text
2026-05-22 13:03:49,183 [DEBUG] PyQt5.uic.uiparser: push QPushButton pushButton_analyzer_fit_oscillogram
2026-05-22 13:03:49,183 [DEBUG] PyQt5.uic.uiparser: pop widget QPushButton pushButton_analyzer_fit_oscillogram
2026-05-22 13:03:49,183 [DEBUG] PyQt5.uic.uiparser: new topwidget self.oscillogram
2026-05-22 13:03:49,183 [DEBUG] PyQt5.uic.properties: setting property geometry
2026-05-22 13:03:49,183 [DEBUG] PyQt5.uic.properties: setting property text
2026-05-22 13:03:49,183 [DEBUG] PyQt5.uic.properties: setting property alignment
2026-05-22 13:03:49,183 [DEBUG] PyQt5.uic.uiparser: push QLabel label_analyzer_single_oscillogram_file
2026-05-22 13:03:49,183 [DEBUG] PyQt5.uic.uiparser: pop widget QLabel label_analyzer_single_oscillogram_file
2026-05-22 13:03:49,184 [DEBUG] PyQt5.uic.uiparser: new topwidget self.oscillogram
2026-05-22 13:03:49,184 [DEBUG] PyQt5.uic.properties: setting property geometry
2026-05-22 13:03:49,184 [DEBUG] PyQt5.uic.properties: setting property text
2026-05-22 13:03:49,185 [DEBUG] PyQt5.uic.uiparser: push QPushButton pushButton_analyzer_choose_single_oscillogram
2026-05-22 13:03:49,185 [DEBUG] PyQt5.uic.uiparser: pop widget QPushButton pushButton_analyzer_choose_single_oscillogram
2026-05-22 13:03:49,185 [DEBUG] PyQt5.uic.uiparser: new topwidget self.oscillogram
2026-05-22 13:03:49,185 [DEBUG] PyQt5.uic.properties: setting property geometry
2026-05-22 13:03:49,185 [DEBUG] PyQt5.uic.properties: setting property text
2026-05-22 13:03:49,185 [DEBUG] PyQt5.uic.uiparser: push QPushButton pushButton_analyzer_plot_single_oscillogram
2026-05-22 13:03:49,185 [DEBUG] PyQt5.uic.uiparser: pop widget QPushButton pushButton_analyzer_plot_single_oscillogram
2026-05-22 13:03:49,185 [DEBUG] PyQt5.uic.uiparser: new topwidget self.oscillogram
2026-05-22 13:03:49,185 [DEBUG] PyQt5.uic.uiparser: pop widget QGroupBox oscillogram
2026-05-22 13:03:49,185 [DEBUG] PyQt5.uic.uiparser: new topwidget self.layoutWidget1
2026-05-22 13:03:49,186 [DEBUG] PyQt5.uic.uiparser: pop layout QVBoxLayout verticalLayout_4
2026-05-22 13:03:49,186 [DEBUG] PyQt5.uic.uiparser: pop widget QWidget layoutWidget1
2026-05-22 13:03:49,186 [DEBUG] PyQt5.uic.uiparser: new topwidget self.page_analyzer
2026-05-22 13:03:49,186 [DEBUG] PyQt5.uic.uiparser: pop widget QWidget page_analyzer
2026-05-22 13:03:49,186 [DEBUG] PyQt5.uic.uiparser: new topwidget self.Toolbox
2026-05-22 13:03:49,186 [DEBUG] PyQt5.uic.uiparser: pop widget QToolBox Toolbox
2026-05-22 13:03:49,186 [DEBUG] PyQt5.uic.uiparser: new topwidget self.scrollAreaWidgetContents
2026-05-22 13:03:49,186 [DEBUG] PyQt5.uic.properties: setting property sizePolicy
2026-05-22 13:03:49,186 [DEBUG] PyQt5.uic.properties: setting property minimumSize
2026-05-22 13:03:49,186 [DEBUG] PyQt5.uic.properties: setting property sizeIncrement
2026-05-22 13:03:49,186 [DEBUG] PyQt5.uic.properties: setting property baseSize
2026-05-22 13:03:49,187 [DEBUG] PyQt5.uic.properties: setting property toolTip
2026-05-22 13:03:49,187 [DEBUG] PyQt5.uic.properties: setting property toolTipDuration
2026-05-22 13:03:49,187 [DEBUG] PyQt5.uic.properties: setting property title
2026-05-22 13:03:49,187 [DEBUG] PyQt5.uic.properties: setting property flat
2026-05-22 13:03:49,187 [DEBUG] PyQt5.uic.uiparser: push QGroupBox groupBox_spectrum
2026-05-22 13:03:49,187 [DEBUG] PyQt5.uic.uiparser: pop widget QGroupBox groupBox_spectrum
2026-05-22 13:03:49,187 [DEBUG] PyQt5.uic.uiparser: new topwidget self.scrollAreaWidgetContents
2026-05-22 13:03:49,187 [DEBUG] PyQt5.uic.uiparser: pop layout QGridLayout gridLayout_4
2026-05-22 13:03:49,187 [DEBUG] PyQt5.uic.uiparser: pop widget QWidget scrollAreaWidgetContents
2026-05-22 13:03:49,187 [DEBUG] PyQt5.uic.uiparser: new topwidget self.scrollArea
2026-05-22 13:03:49,187 [DEBUG] PyQt5.uic.uiparser: pop widget QScrollArea scrollArea
2026-05-22 13:03:49,187 [DEBUG] PyQt5.uic.uiparser: new topwidget self.centralwidget
2026-05-22 13:03:49,187 [DEBUG] PyQt5.uic.properties: setting property maximumSize
2026-05-22 13:03:49,187 [DEBUG] PyQt5.uic.uiparser: push QTextBrowser LogField
2026-05-22 13:03:49,187 [DEBUG] PyQt5.uic.uiparser: pop widget QTextBrowser LogField
2026-05-22 13:03:49,188 [DEBUG] PyQt5.uic.uiparser: new topwidget self.centralwidget
2026-05-22 13:03:49,188 [DEBUG] PyQt5.uic.uiparser: pop layout QVBoxLayout verticalLayout_2
2026-05-22 13:03:49,188 [DEBUG] PyQt5.uic.uiparser: pop widget QWidget centralwidget
2026-05-22 13:03:49,188 [DEBUG] PyQt5.uic.uiparser: new topwidget MainWindow
2026-05-22 13:03:49,189 [DEBUG] PyQt5.uic.properties: setting property geometry
2026-05-22 13:03:49,189 [DEBUG] PyQt5.uic.uiparser: push QMenuBar menubar
2026-05-22 13:03:49,189 [DEBUG] PyQt5.uic.properties: setting property title
2026-05-22 13:03:49,189 [DEBUG] PyQt5.uic.uiparser: push QMenu menuData
2026-05-22 13:03:49,189 [DEBUG] PyQt5.uic.uiparser: pop widget QMenu menuData
2026-05-22 13:03:49,189 [DEBUG] PyQt5.uic.uiparser: new topwidget self.menubar
2026-05-22 13:03:49,189 [DEBUG] PyQt5.uic.properties: setting property title
2026-05-22 13:03:49,189 [DEBUG] PyQt5.uic.uiparser: push QMenu menuTools
2026-05-22 13:03:49,189 [DEBUG] PyQt5.uic.uiparser: pop widget QMenu menuTools
2026-05-22 13:03:49,189 [DEBUG] PyQt5.uic.uiparser: new topwidget self.menubar
2026-05-22 13:03:49,189 [DEBUG] PyQt5.uic.uiparser: pop widget QMenuBar menubar
2026-05-22 13:03:49,189 [DEBUG] PyQt5.uic.uiparser: new topwidget MainWindow
2026-05-22 13:03:49,190 [DEBUG] PyQt5.uic.uiparser: push QStatusBar statusbar
2026-05-22 13:03:49,190 [DEBUG] PyQt5.uic.uiparser: pop widget QStatusBar statusbar
2026-05-22 13:03:49,190 [DEBUG] PyQt5.uic.uiparser: new topwidget MainWindow
2026-05-22 13:03:49,190 [DEBUG] PyQt5.uic.properties: setting property text
2026-05-22 13:03:49,190 [DEBUG] PyQt5.uic.properties: setting property shortcut
2026-05-22 13:03:49,190 [DEBUG] PyQt5.uic.properties: setting property text
2026-05-22 13:03:49,190 [DEBUG] PyQt5.uic.properties: setting property shortcut
2026-05-22 13:03:49,190 [DEBUG] PyQt5.uic.properties: setting property text
2026-05-22 13:03:49,190 [DEBUG] PyQt5.uic.properties: setting property shortcut
2026-05-22 13:03:49,190 [DEBUG] PyQt5.uic.properties: setting property text
2026-05-22 13:03:49,190 [DEBUG] PyQt5.uic.properties: setting property toolTip
2026-05-22 13:03:49,190 [DEBUG] PyQt5.uic.properties: setting property shortcut
2026-05-22 13:03:49,191 [DEBUG] PyQt5.uic.uiparser: pop widget QMainWindow MainWindow
2026-05-22 13:03:49,191 [DEBUG] PyQt5.uic.uiparser: new topwidget None
2026-05-22 13:03:49,191 [DEBUG] PyQt5.uic.uiparser: add action action_delete_all_measured_spectral_data to menuData
2026-05-22 13:03:49,191 [DEBUG] PyQt5.uic.uiparser: add action action_save_parameters to menuTools
2026-05-22 13:03:49,191 [DEBUG] PyQt5.uic.uiparser: add action action_delete_all_figures to menuTools
2026-05-22 13:03:49,191 [DEBUG] PyQt5.uic.uiparser: add action action_load_parameters to menuTools
2026-05-22 13:03:49,191 [DEBUG] PyQt5.uic.uiparser: add action menuData to menubar
2026-05-22 13:03:49,191 [DEBUG] PyQt5.uic.uiparser: add action menuTools to menubar
2026-05-22 13:04:24,804 [DEBUG] Comm: handle_close[63eb4c1c55a311f19ccad45d6404def0]({'header': {'msg_id': 'eb1a5940-8b25e649879035094f38cc58_10244_19', 'msg_type': 'comm_close', 'username': 'username', 'session': 'eb1a5940-8b25e649879035094f38cc58', 'date': datetime.datetime(2026, 5, 22, 6, 4, 24, 803464, tzinfo=tzutc()), 'version': '5.4'}, 'msg_id': 'eb1a5940-8b25e649879035094f38cc58_10244_19', 'msg_type': 'comm_close', 'parent_header': {}, 'metadata': {}, 'content': {'comm_id': '63eb4c1c55a311f19ccad45d6404def0', 'data': {}}, 'buffers': []})
